-- MySQL dump 10.13  Distrib 5.7.9, for Win64 (x86_64)
--
-- Host: localhost    Database: webdelivery
-- ------------------------------------------------------
-- Server version	5.7.13-log

/*!40101 SET @OLD_CHARACTER_SET_CLIENT=@@CHARACTER_SET_CLIENT */;
/*!40101 SET @OLD_CHARACTER_SET_RESULTS=@@CHARACTER_SET_RESULTS */;
/*!40101 SET @OLD_COLLATION_CONNECTION=@@COLLATION_CONNECTION */;
/*!40101 SET NAMES utf8 */;
/*!40103 SET @OLD_TIME_ZONE=@@TIME_ZONE */;
/*!40103 SET TIME_ZONE='+00:00' */;
/*!40014 SET @OLD_UNIQUE_CHECKS=@@UNIQUE_CHECKS, UNIQUE_CHECKS=0 */;
/*!40014 SET @OLD_FOREIGN_KEY_CHECKS=@@FOREIGN_KEY_CHECKS, FOREIGN_KEY_CHECKS=0 */;
/*!40101 SET @OLD_SQL_MODE=@@SQL_MODE, SQL_MODE='NO_AUTO_VALUE_ON_ZERO' */;
/*!40111 SET @OLD_SQL_NOTES=@@SQL_NOTES, SQL_NOTES=0 */;

--
-- Table structure for table `cache`
--

DROP TABLE IF EXISTS `cache`;
/*!40101 SET @saved_cs_client     = @@character_set_client */;
/*!40101 SET character_set_client = utf8 */;
CREATE TABLE `cache` (
  `key` varchar(255) COLLATE utf8_unicode_ci NOT NULL,
  `value` text COLLATE utf8_unicode_ci NOT NULL,
  `expiration` int(11) NOT NULL,
  UNIQUE KEY `cache_key_unique` (`key`)
) ENGINE=InnoDB DEFAULT CHARSET=utf8 COLLATE=utf8_unicode_ci;
/*!40101 SET character_set_client = @saved_cs_client */;

--
-- Dumping data for table `cache`
--

LOCK TABLES `cache` WRITE;
/*!40000 ALTER TABLE `cache` DISABLE KEYS */;
/*!40000 ALTER TABLE `cache` ENABLE KEYS */;
UNLOCK TABLES;

--
-- Table structure for table `categorias`
--

DROP TABLE IF EXISTS `categorias`;
/*!40101 SET @saved_cs_client     = @@character_set_client */;
/*!40101 SET character_set_client = utf8 */;
CREATE TABLE `categorias` (
  `id` int(10) unsigned NOT NULL AUTO_INCREMENT,
  `empresa_id` int(10) unsigned NOT NULL,
  `nome` varchar(255) COLLATE utf8_unicode_ci NOT NULL,
  `created_at` timestamp NOT NULL DEFAULT '0000-00-00 00:00:00',
  `updated_at` timestamp NOT NULL DEFAULT '0000-00-00 00:00:00',
  PRIMARY KEY (`id`),
  KEY `categorias_empresa_id_foreign` (`empresa_id`),
  CONSTRAINT `categorias_empresa_id_foreign` FOREIGN KEY (`empresa_id`) REFERENCES `empresas` (`id`)
) ENGINE=InnoDB AUTO_INCREMENT=8 DEFAULT CHARSET=utf8 COLLATE=utf8_unicode_ci;
/*!40101 SET character_set_client = @saved_cs_client */;

--
-- Dumping data for table `categorias`
--

LOCK TABLES `categorias` WRITE;
/*!40000 ALTER TABLE `categorias` DISABLE KEYS */;
INSERT INTO `categorias` VALUES (1,2,'Pizzas','2016-07-28 22:26:30','2016-08-04 20:26:29'),(2,3,'Panelinha','2016-07-28 22:26:31','2016-08-04 20:26:56'),(3,2,'Caldos','2016-07-28 22:26:31','2016-08-04 20:27:05'),(4,2,'Sanduíches','2016-07-28 22:26:31','2016-08-04 20:27:17'),(5,2,'Chica Doida','2016-07-28 22:26:31','2016-08-04 20:27:30'),(6,2,'Bebidas','0000-00-00 00:00:00','2016-08-04 20:27:50'),(7,2,'Outros','2016-08-04 20:27:58','2016-08-04 20:27:58');
/*!40000 ALTER TABLE `categorias` ENABLE KEYS */;
UNLOCK TABLES;

--
-- Table structure for table `clientes`
--

DROP TABLE IF EXISTS `clientes`;
/*!40101 SET @saved_cs_client     = @@character_set_client */;
/*!40101 SET character_set_client = utf8 */;
CREATE TABLE `clientes` (
  `id` int(10) unsigned NOT NULL AUTO_INCREMENT,
  `user_id` int(10) unsigned NOT NULL,
  `telefone` varchar(255) COLLATE utf8_unicode_ci NOT NULL,
  `endereco` varchar(255) COLLATE utf8_unicode_ci NOT NULL,
  `bairro` varchar(255) COLLATE utf8_unicode_ci NOT NULL,
  `cep` varchar(255) COLLATE utf8_unicode_ci NOT NULL,
  `cidade` varchar(255) COLLATE utf8_unicode_ci DEFAULT NULL,
  `estado` varchar(255) COLLATE utf8_unicode_ci DEFAULT NULL,
  `sexo` char(255) COLLATE utf8_unicode_ci DEFAULT NULL,
  `placa` varchar(255) COLLATE utf8_unicode_ci DEFAULT NULL,
  `modelo` varchar(255) COLLATE utf8_unicode_ci DEFAULT NULL,
  `created_at` timestamp NOT NULL DEFAULT '0000-00-00 00:00:00',
  `updated_at` timestamp NOT NULL DEFAULT '0000-00-00 00:00:00',
  PRIMARY KEY (`id`),
  KEY `clientes_user_id_foreign` (`user_id`),
  CONSTRAINT `clientes_user_id_foreign` FOREIGN KEY (`user_id`) REFERENCES `usuarios` (`id`)
) ENGINE=InnoDB AUTO_INCREMENT=29 DEFAULT CHARSET=utf8 COLLATE=utf8_unicode_ci;
/*!40101 SET character_set_client = @saved_cs_client */;

--
-- Dumping data for table `clientes`
--

LOCK TABLES `clientes` WRITE;
/*!40000 ALTER TABLE `clientes` DISABLE KEYS */;
INSERT INTO `clientes` VALUES (1,1,'(83) 35973-966','Rua Coronel Vaiano, 1111','Centro','75901-190','Rio Verde','Goiás','F',NULL,NULL,'2016-07-28 22:26:28','2016-08-06 08:33:01'),(2,2,'(89) 3583-6956','79516-912, Largo Henrique Sales, 4417\nSanta Gustavo - AL','et','87298-351','Porto Taís do Leste','Rondônia',NULL,NULL,NULL,'2016-07-28 22:26:28','2016-07-28 22:26:28'),(3,3,'(96) 97963-1847','60559-531, Av. Luciano Delatorre, 365\nSão Violeta - MS','et','40618-706','Vila Elizabeth d\'Oeste','Espírito Santo',NULL,NULL,NULL,'2016-07-28 22:26:30','2016-07-28 22:26:30'),(4,4,'(17) 2020-5617','86674-872, Avenida Alma, 89092\nVila Melissa d\'Oeste - PI','iusto','28459-353','Santa Jasmin d\'Oeste','Santa Catarina',NULL,NULL,NULL,'2016-07-28 22:26:30','2016-07-28 22:26:30'),(5,5,'(87) 99132-3552','21932-285, Largo Ziraldo Roque, 19786\nSaraiva do Norte - RR','dolorem','89149-023','Esteves do Leste','Paraíba',NULL,NULL,NULL,'2016-07-28 22:26:30','2016-07-28 22:26:30'),(6,6,'(79) 2150-5200','26751-856, Rua Ariana Rosa, 3887. F\nVila Adriana do Sul - SP','dolores','23823-676','São Gabriela','Rondônia',NULL,NULL,NULL,'2016-07-28 22:26:30','2016-07-28 22:26:30'),(7,7,'(57) 3412-8923','47915-737, Av. Micaela Branco, 9. 475º Andar\nIsaac do Leste - RS','vel','26486-046','Bittencourt do Norte','Rio de Janeiro',NULL,NULL,NULL,'2016-07-28 22:26:30','2016-07-28 22:26:30'),(8,8,'(48) 8169-1183','39879-685, Av. Cristóvão, 87989\nSanta Rodrigo do Norte - PI','ea','98239-688','São Diego do Sul','São Paulo',NULL,NULL,NULL,'2016-07-28 22:26:30','2016-07-28 22:26:30'),(9,9,'(49) 2152-3169','25342-355, Travessa Benites, 39. Apto 5257\nVila Madalena do Sul - PB','neque','11649-842','Santa Anderson','Rondônia',NULL,NULL,NULL,'2016-07-28 22:26:30','2016-07-28 22:26:30'),(10,10,'(57) 3509-4013','29819-613, Avenida Ávila, 3. Fundos\nSanta Micaela d\'Oeste - GO','aliquid','49936-292','Marés do Norte','Distrito Federal',NULL,NULL,NULL,'2016-07-28 22:26:30','2016-07-28 22:26:30'),(11,11,'(62) 2683-2179','42228-669, Travessa Hugo Quintana, 161. Bloco B\nSanta Norma do Norte - RO','maxime','05958-069','São Simon do Norte','Acre',NULL,NULL,NULL,'2016-07-28 22:26:30','2016-07-28 22:26:30'),(12,12,'(91) 98898-3496','56240-639, Largo Simon, 19173\nNeves do Norte - BA','ratione','15332-100','Andres do Sul','Maranhão',NULL,NULL,NULL,'2016-07-28 22:26:30','2016-07-28 22:26:30'),(17,21,'(66) 99252-2131','Av: Quintino Vargas','Mato Grosso','76200-555','Iporá','Goiás','M',NULL,NULL,'2016-08-04 09:05:51','2016-08-06 03:53:25'),(25,15,'(22) 22222-2222','2222222222222','22222222222','22222-222','111','22222222222','M','2222222','2222222222','0000-00-00 00:00:00','2016-08-06 01:03:09'),(28,1,'11111111111','1111','1111','111','111','111','M',NULL,NULL,'0000-00-00 00:00:00','0000-00-00 00:00:00');
/*!40000 ALTER TABLE `clientes` ENABLE KEYS */;
UNLOCK TABLES;

--
-- Table structure for table `componentes`
--

DROP TABLE IF EXISTS `componentes`;
/*!40101 SET @saved_cs_client     = @@character_set_client */;
/*!40101 SET character_set_client = utf8 */;
CREATE TABLE `componentes` (
  `id` int(10) unsigned NOT NULL AUTO_INCREMENT,
  `empresa_id` int(10) unsigned NOT NULL,
  `nome` varchar(255) COLLATE utf8_unicode_ci NOT NULL,
  `descricao` text COLLATE utf8_unicode_ci,
  `preco` decimal(8,2) NOT NULL,
  `tipo` char(255) COLLATE utf8_unicode_ci NOT NULL,
  `created_at` timestamp NOT NULL DEFAULT '0000-00-00 00:00:00',
  `updated_at` timestamp NOT NULL DEFAULT '0000-00-00 00:00:00',
  PRIMARY KEY (`id`),
  KEY `componentes_empresa_id_foreign` (`empresa_id`),
  CONSTRAINT `componentes_empresa_id_foreign` FOREIGN KEY (`empresa_id`) REFERENCES `empresas` (`id`)
) ENGINE=InnoDB AUTO_INCREMENT=56 DEFAULT CHARSET=utf8 COLLATE=utf8_unicode_ci;
/*!40101 SET character_set_client = @saved_cs_client */;

--
-- Dumping data for table `componentes`
--

LOCK TABLES `componentes` WRITE;
/*!40000 ALTER TABLE `componentes` DISABLE KEYS */;
INSERT INTO `componentes` VALUES (1,2,'Bacon','Quisquam aliquid eum nemo facilis qui vel.',3.00,'A','2016-07-28 22:26:33','2016-07-28 22:26:33'),(2,2,'Mussarela','Quam repellendus ut tenetur provident sit illum quisquam.',3.00,'A','2016-07-28 22:26:33','2016-07-28 22:26:33'),(3,2,'Ovo','Optio dolor eum voluptatem quisquam.',1.00,'A','2016-07-28 22:26:33','2016-07-28 22:26:33'),(4,2,'Tomate','Maxime et magnam maxime dolores quis vel.',1.00,'A','2016-07-28 22:26:33','2016-07-28 22:26:33'),(5,2,'Atum','Amet laboriosam rerum sed est quo ducimus eligendi.',4.00,'A','2016-07-28 22:26:33','2016-07-28 22:26:33'),(6,2,'Cebola','Autem voluptatem ut iste minus omnis consequatur ducimus.',1.00,'A','2016-07-28 22:26:33','2016-07-28 22:26:33'),(7,2,'Palmito','Non autem quidem veniam rem.',2.00,'A','2016-07-28 22:26:33','2016-07-28 22:26:33'),(8,2,'Pimentas','Repudiandae minus nihil dolor eum.',1.00,'A','2016-07-28 22:26:33','2016-07-28 22:26:33'),(9,2,'Azeitona','Provident molestiae est porro labore voluptate et.',1.00,'A','2016-07-28 22:26:33','2016-07-28 22:26:33'),(10,2,'Milho','Pariatur eum numquam asperiores suscipit quia dolores.',1.00,'A','2016-07-28 22:26:33','2016-07-28 22:26:33'),(11,2,'Calabresa','Repellat aperiam sunt dicta dicta et voluptatum explicabo nesciunt.',3.00,'A','2016-07-28 22:26:33','2016-07-28 22:26:33'),(12,2,'Orégano','Delectus sed culpa eveniet rerum voluptatem.',1.00,'A','2016-07-28 22:26:33','2016-07-28 22:26:33'),(13,2,'Carne seca','Quis mollitia quisquam quis expedita doloremque consectetur accusantium.',3.00,'A','2016-07-28 22:26:33','2016-07-28 22:26:33'),(14,2,'Presunto','Incidunt ad et cumque dignissimos quidem nesciunt eaque.',3.00,'A','2016-07-28 22:26:33','2016-07-28 22:26:33'),(15,3,'iure','Vel eos et cum sunt ut ut illum.',33.00,'A','2016-07-28 22:26:33','2016-07-28 22:26:33'),(16,3,'quis','Sed exercitationem dolorum magni fuga optio voluptatem.',11.00,'A','2016-07-28 22:26:33','2016-07-28 22:26:33'),(17,3,'consequatur','Corporis est eaque tempore ea dolor illo.',42.00,'A','2016-07-28 22:26:33','2016-07-28 22:26:33'),(18,3,'delectus','Neque eos est ipsum laudantium explicabo optio possimus.',12.00,'A','2016-07-28 22:26:33','2016-07-28 22:26:33'),(19,3,'nam','Illo voluptatem eius in quod debitis eum nobis qui.',42.00,'A','2016-07-28 22:26:33','2016-07-28 22:26:33'),(20,3,'asperiores','Accusantium quasi totam et quo.',36.00,'A','2016-07-28 22:26:33','2016-07-28 22:26:33'),(21,3,'est','Architecto at sit quasi porro in laboriosam.',13.00,'A','2016-07-28 22:26:33','2016-07-28 22:26:33'),(22,3,'accusantium','Aut quisquam in est.',19.00,'A','2016-07-28 22:26:33','2016-07-28 22:26:33'),(23,3,'quidem','Officiis unde repellat repellendus perferendis sint saepe occaecati.',17.00,'A','2016-07-28 22:26:33','2016-07-28 22:26:33'),(24,3,'est','Consequatur autem esse qui facilis pariatur aut.',42.00,'A','2016-07-28 22:26:33','2016-07-28 22:26:33'),(25,3,'quisquam','Iusto distinctio odit molestiae inventore ut reiciendis.',13.00,'A','2016-07-28 22:26:33','2016-07-28 22:26:33'),(26,3,'labore','Eligendi iure facere quo alias in debitis necessitatibus.',40.00,'A','2016-07-28 22:26:33','2016-07-28 22:26:33'),(27,3,'vero','Quis est modi velit pariatur totam consequatur voluptas quia.',23.00,'A','2016-07-28 22:26:33','2016-07-28 22:26:33'),(28,3,'blanditiis','Vero quis sint dolor culpa.',10.00,'A','2016-07-28 22:26:33','2016-07-28 22:26:33'),(29,3,'maiores','Velit reiciendis quae rem sed libero accusantium.',27.00,'A','2016-07-28 22:26:33','2016-07-28 22:26:33'),(30,3,'quibusdam','Doloremque reprehenderit id qui labore.',18.00,'A','2016-07-28 22:26:34','2016-07-28 22:26:34'),(35,1,'aaaaa',NULL,0.00,'I','2016-08-01 04:32:46','2016-08-01 04:32:46'),(36,1,'bbbb',NULL,0.00,'I','2016-08-01 04:32:46','2016-08-01 04:32:46'),(37,1,'cccc',NULL,0.00,'I','2016-08-01 04:32:46','2016-08-01 04:32:46'),(38,1,'dddd',NULL,0.00,'I','2016-08-01 04:32:46','2016-08-01 04:32:46'),(39,1,'teste componentes','teste',1234.00,'A','2016-08-01 04:35:45','2016-08-01 04:35:45'),(40,1,'teste','teste',999999.99,'A','2016-08-03 01:45:10','2016-08-03 01:45:10'),(41,2,'Mussarela',NULL,0.00,'I','2016-08-04 20:36:01','2016-08-04 20:36:01'),(42,2,'Bacon',NULL,0.00,'I','2016-08-04 20:36:01','2016-08-04 20:36:01'),(43,2,'Tomate',NULL,0.00,'I','2016-08-04 20:36:01','2016-08-04 20:36:01'),(44,2,'Cebola',NULL,0.00,'I','2016-08-04 20:36:01','2016-08-04 20:36:01'),(45,2,'Azeitona',NULL,0.00,'I','2016-08-04 20:36:02','2016-08-04 20:36:02'),(46,2,'Orégano',NULL,0.00,'I','2016-08-04 20:36:02','2016-08-04 20:36:02'),(47,2,'Molho de Tomate',NULL,0.00,'I','2016-08-04 20:36:02','2016-08-04 20:36:02'),(48,2,'Atum',NULL,0.00,'I','2016-08-04 20:39:39','2016-08-04 20:39:39'),(49,2,'Pimentas',NULL,0.00,'I','2016-08-04 20:39:39','2016-08-04 20:39:39'),(50,2,'Ovo',NULL,0.00,'I','2016-08-04 20:41:04','2016-08-04 20:41:04'),(51,2,'Frango',NULL,0.00,'I','2016-08-04 20:43:59','2016-08-04 20:43:59'),(52,2,'Milho',NULL,0.00,'I','2016-08-04 20:43:59','2016-08-04 20:43:59'),(53,2,'Chocolate',NULL,0.00,'I','2016-08-04 20:46:19','2016-08-04 20:46:19'),(54,2,'Leite Condensado',NULL,0.00,'I','2016-08-04 20:46:19','2016-08-04 20:46:19'),(55,2,'Carne',NULL,0.00,'I','2016-08-04 20:49:20','2016-08-04 20:49:20');
/*!40000 ALTER TABLE `componentes` ENABLE KEYS */;
UNLOCK TABLES;

--
-- Table structure for table `cupoms`
--

DROP TABLE IF EXISTS `cupoms`;
/*!40101 SET @saved_cs_client     = @@character_set_client */;
/*!40101 SET character_set_client = utf8 */;
CREATE TABLE `cupoms` (
  `id` int(10) unsigned NOT NULL AUTO_INCREMENT,
  `empresa_id` int(10) unsigned NOT NULL,
  `codigo` varchar(255) COLLATE utf8_unicode_ci NOT NULL,
  `valor` decimal(8,2) NOT NULL,
  `usado` tinyint(1) NOT NULL DEFAULT '0',
  `created_at` timestamp NOT NULL DEFAULT '0000-00-00 00:00:00',
  `updated_at` timestamp NOT NULL DEFAULT '0000-00-00 00:00:00',
  PRIMARY KEY (`id`),
  KEY `cupoms_empresa_id_foreign` (`empresa_id`),
  CONSTRAINT `cupoms_empresa_id_foreign` FOREIGN KEY (`empresa_id`) REFERENCES `empresas` (`id`)
) ENGINE=InnoDB AUTO_INCREMENT=11 DEFAULT CHARSET=utf8 COLLATE=utf8_unicode_ci;
/*!40101 SET character_set_client = @saved_cs_client */;

--
-- Dumping data for table `cupoms`
--

LOCK TABLES `cupoms` WRITE;
/*!40000 ALTER TABLE `cupoms` DISABLE KEYS */;
INSERT INTO `cupoms` VALUES (1,2,'9284',67.00,0,'2016-07-28 22:26:36','2016-07-31 07:42:16'),(2,2,'6244',63.00,1,'2016-07-28 22:26:36','2016-08-10 00:01:54'),(3,2,'4791',98.00,0,'2016-07-28 22:26:36','2016-07-28 22:26:36'),(4,2,'5021',99.00,0,'2016-07-28 22:26:36','2016-07-28 22:26:36'),(5,2,'9735',81.00,0,'2016-07-28 22:26:36','2016-07-28 22:26:36'),(6,3,'176',93.00,0,'2016-07-28 22:26:36','2016-07-28 22:26:36'),(7,3,'7541',90.00,0,'2016-07-28 22:26:36','2016-07-28 22:26:36'),(8,3,'6121',58.00,1,'2016-07-28 22:26:36','2016-08-09 00:24:18'),(9,3,'5483',82.00,0,'2016-07-28 22:26:36','2016-07-28 22:26:36'),(10,3,'2324',62.00,0,'2016-07-28 22:26:36','2016-07-30 21:31:10');
/*!40000 ALTER TABLE `cupoms` ENABLE KEYS */;
UNLOCK TABLES;

--
-- Table structure for table `empresas`
--

DROP TABLE IF EXISTS `empresas`;
/*!40101 SET @saved_cs_client     = @@character_set_client */;
/*!40101 SET character_set_client = utf8 */;
CREATE TABLE `empresas` (
  `id` int(10) unsigned NOT NULL AUTO_INCREMENT,
  `razao_social` varchar(255) COLLATE utf8_unicode_ci NOT NULL,
  `nome_fantasia` varchar(255) COLLATE utf8_unicode_ci NOT NULL,
  `cnpj` varchar(40) COLLATE utf8_unicode_ci NOT NULL,
  `telefone` varchar(20) COLLATE utf8_unicode_ci DEFAULT NULL,
  `endereco` text COLLATE utf8_unicode_ci,
  `bairro` varchar(255) COLLATE utf8_unicode_ci DEFAULT NULL,
  `cidade` varchar(255) COLLATE utf8_unicode_ci DEFAULT NULL,
  `estado` varchar(255) COLLATE utf8_unicode_ci DEFAULT NULL,
  `cep` varchar(40) COLLATE utf8_unicode_ci DEFAULT NULL,
  `logo` text COLLATE utf8_unicode_ci,
  `consumacao_minima` int(11) DEFAULT NULL,
  `abertura` time DEFAULT NULL,
  `fechamento` time DEFAULT NULL,
  `status` smallint(6) DEFAULT NULL,
  `created_at` timestamp NOT NULL DEFAULT '0000-00-00 00:00:00',
  `updated_at` timestamp NOT NULL DEFAULT '0000-00-00 00:00:00',
  PRIMARY KEY (`id`)
) ENGINE=InnoDB AUTO_INCREMENT=5 DEFAULT CHARSET=utf8 COLLATE=utf8_unicode_ci;
/*!40101 SET character_set_client = @saved_cs_client */;

--
-- Dumping data for table `empresas`
--

LOCK TABLES `empresas` WRITE;
/*!40000 ALTER TABLE `empresas` DISABLE KEYS */;
INSERT INTO `empresas` VALUES (1,'Os PrintF Desenvolvimento','Os PrintF','00.000.000/0000-00','(64) 99252-2131','Rua 6, Qd: 15, Lt: 06','Conjunto Morada do Sol','Rio Verde','Goiás','75909-200',NULL,0,'08:00:00','06:00:00',0,'2016-07-28 22:26:28','2016-08-04 20:09:42'),(2,'Cristo Rei','Cristo Rei','33.333.333/3333-33','(64) 36121-884','Rua 75 Q 41, s/n Lt 4','Popular','Rio Verde','Goiás','75900-000',NULL,5,'08:00:00','23:59:00',1,'2016-07-28 22:26:28','2016-08-09 23:44:08'),(3,'Sampa Pizza','Sampa Pizza','22.222.222/2222-22','(64) 21047-433','Buriti Shopping - BR-060','Jardim Campestre','Rio Verde','Goiás','75900-000',NULL,0,'18:00:00','23:00:00',1,'2016-07-28 22:26:28','2016-08-04 20:20:06'),(4,'Gramado Pizzaria','Gramado Pizzaria','22.222.222/2222-22','(64) 36213-945','Praça 13 de maio, N° 1355','Centro','Rio Verde','Goiás','75900-000',NULL,0,'18:00:00','23:00:00',0,'2016-08-04 20:22:34','2016-08-04 20:22:34');
/*!40000 ALTER TABLE `empresas` ENABLE KEYS */;
UNLOCK TABLES;

--
-- Table structure for table `migrations`
--

DROP TABLE IF EXISTS `migrations`;
/*!40101 SET @saved_cs_client     = @@character_set_client */;
/*!40101 SET character_set_client = utf8 */;
CREATE TABLE `migrations` (
  `migration` varchar(255) COLLATE utf8_unicode_ci NOT NULL,
  `batch` int(11) NOT NULL
) ENGINE=InnoDB DEFAULT CHARSET=utf8 COLLATE=utf8_unicode_ci;
/*!40101 SET character_set_client = @saved_cs_client */;

--
-- Dumping data for table `migrations`
--

LOCK TABLES `migrations` WRITE;
/*!40000 ALTER TABLE `migrations` DISABLE KEYS */;
INSERT INTO `migrations` VALUES ('2014_04_24_110151_create_oauth_scopes_table',1),('2014_04_24_110304_create_oauth_grants_table',1),('2014_04_24_110403_create_oauth_grant_scopes_table',1),('2014_04_24_110459_create_oauth_clients_table',1),('2014_04_24_110557_create_oauth_client_endpoints_table',1),('2014_04_24_110705_create_oauth_client_scopes_table',1),('2014_04_24_110817_create_oauth_client_grants_table',1),('2014_04_24_111002_create_oauth_sessions_table',1),('2014_04_24_111109_create_oauth_session_scopes_table',1),('2014_04_24_111254_create_oauth_auth_codes_table',1),('2014_04_24_111403_create_oauth_auth_code_scopes_table',1),('2014_04_24_111518_create_oauth_access_tokens_table',1),('2014_04_24_111657_create_oauth_access_token_scopes_table',1),('2014_04_24_111810_create_oauth_refresh_tokens_table',1),('2016_07_01_000000_create_empresas_table',1),('2016_07_01_100000_create_users_table',1),('2016_07_01_200000_create_password_resets_table',1),('2016_07_01_300000_create_categorias_table',1),('2016_07_02_193035_create_produtos_table',1),('2016_07_02_220950_create_clientes_table',1),('2016_07_03_034131_create_pedidos_table',1),('2016_07_03_034217_create_pedidos_itens_table',1),('2016_07_03_041401_create_componentes_table',1),('2016_07_03_041421_create_produto_itens_table',1),('2016_07_03_041515_create_produto_item_pedidos_table',1),('2016_07_03_182445_create_cache_table',1),('2016_07_13_035827_create_cupoms_table',1),('2016_07_29_022120_add_hash_to_pedidos',2),('2016_07_30_025737_add_device_token_to_usuarios',3),('2016_08_03_225510_add_adicionais_to_produtos',4);
/*!40000 ALTER TABLE `migrations` ENABLE KEYS */;
UNLOCK TABLES;

--
-- Table structure for table `oauth_access_token_scopes`
--

DROP TABLE IF EXISTS `oauth_access_token_scopes`;
/*!40101 SET @saved_cs_client     = @@character_set_client */;
/*!40101 SET character_set_client = utf8 */;
CREATE TABLE `oauth_access_token_scopes` (
  `id` int(10) unsigned NOT NULL AUTO_INCREMENT,
  `access_token_id` varchar(40) COLLATE utf8_unicode_ci NOT NULL,
  `scope_id` varchar(40) COLLATE utf8_unicode_ci NOT NULL,
  `created_at` timestamp NOT NULL DEFAULT '0000-00-00 00:00:00',
  `updated_at` timestamp NOT NULL DEFAULT '0000-00-00 00:00:00',
  PRIMARY KEY (`id`),
  KEY `oauth_access_token_scopes_access_token_id_index` (`access_token_id`),
  KEY `oauth_access_token_scopes_scope_id_index` (`scope_id`),
  CONSTRAINT `oauth_access_token_scopes_access_token_id_foreign` FOREIGN KEY (`access_token_id`) REFERENCES `oauth_access_tokens` (`id`) ON DELETE CASCADE,
  CONSTRAINT `oauth_access_token_scopes_scope_id_foreign` FOREIGN KEY (`scope_id`) REFERENCES `oauth_scopes` (`id`) ON DELETE CASCADE
) ENGINE=InnoDB DEFAULT CHARSET=utf8 COLLATE=utf8_unicode_ci;
/*!40101 SET character_set_client = @saved_cs_client */;

--
-- Dumping data for table `oauth_access_token_scopes`
--

LOCK TABLES `oauth_access_token_scopes` WRITE;
/*!40000 ALTER TABLE `oauth_access_token_scopes` DISABLE KEYS */;
/*!40000 ALTER TABLE `oauth_access_token_scopes` ENABLE KEYS */;
UNLOCK TABLES;

--
-- Table structure for table `oauth_access_tokens`
--

DROP TABLE IF EXISTS `oauth_access_tokens`;
/*!40101 SET @saved_cs_client     = @@character_set_client */;
/*!40101 SET character_set_client = utf8 */;
CREATE TABLE `oauth_access_tokens` (
  `id` varchar(40) COLLATE utf8_unicode_ci NOT NULL,
  `session_id` int(10) unsigned NOT NULL,
  `expire_time` int(11) NOT NULL,
  `created_at` timestamp NOT NULL DEFAULT '0000-00-00 00:00:00',
  `updated_at` timestamp NOT NULL DEFAULT '0000-00-00 00:00:00',
  PRIMARY KEY (`id`),
  UNIQUE KEY `oauth_access_tokens_id_session_id_unique` (`id`,`session_id`),
  KEY `oauth_access_tokens_session_id_index` (`session_id`),
  CONSTRAINT `oauth_access_tokens_session_id_foreign` FOREIGN KEY (`session_id`) REFERENCES `oauth_sessions` (`id`) ON DELETE CASCADE
) ENGINE=InnoDB DEFAULT CHARSET=utf8 COLLATE=utf8_unicode_ci;
/*!40101 SET character_set_client = @saved_cs_client */;

--
-- Dumping data for table `oauth_access_tokens`
--

LOCK TABLES `oauth_access_tokens` WRITE;
/*!40000 ALTER TABLE `oauth_access_tokens` DISABLE KEYS */;
INSERT INTO `oauth_access_tokens` VALUES ('12o9HwhP5I9wTb9AAD9hEVR9981h2OuQgt9euHCA',138,1469943044,'2016-07-31 04:30:44','2016-07-31 04:30:44'),('1K4O1ETYqPIEBPmuBEy1L1gS9jrKT6yFMZJnKyhv',85,1469860996,'2016-07-30 05:43:16','2016-07-30 05:43:16'),('2eRaHLmSgJSA8xw3OFwIMr37ManiF18hqzYTBOEH',317,1470803283,'2016-08-10 03:28:03','2016-08-10 03:28:03'),('2F86C4ZlXgTgV1URAuy5eZiQo46YBTpdUtBTtNGf',221,1470093121,'2016-08-01 22:12:01','2016-08-01 22:12:01'),('2m0LGylZvCzbVtF70JK3YBXaz2unsO3O71p5dY7t',245,1470180342,'2016-08-02 22:25:42','2016-08-02 22:25:42'),('2RomkKv8lg0KSOYp4qYrSoUCbIDcUde93y5vCRql',54,1469783823,'2016-07-29 08:17:03','2016-07-29 08:17:03'),('2TOP4MivUc88nWDMRvt8YUlWMay0v0LuAYAFAWmw',197,1470037626,'2016-08-01 06:47:06','2016-08-01 06:47:06'),('2vKWpdZMlDiEq7iQhgeVP1O62q8RW7z0Ev7Pnu0y',103,1469908439,'2016-07-30 18:53:59','2016-07-30 18:53:59'),('2xobO86jUXlOqMWk456K0BPQotsTdNb9o8TFXPeJ',61,1469833695,'2016-07-29 22:08:15','2016-07-29 22:08:15'),('2ZoxE7fAVlZYflzPl9EvmtFrWgFPk62Pz9TSl8DQ',53,1469782101,'2016-07-29 07:48:21','2016-07-29 07:48:21'),('36RmveUu7SGvtn3dvi0qaaJ5iKh2UkXlT9L0H9uk',57,1469827268,'2016-07-29 20:21:08','2016-07-29 20:21:08'),('3VRkPMbTssp3mdaQgCcEioJpmmsc2lveFxVRuYPN',178,1470027237,'2016-08-01 03:53:57','2016-08-01 03:53:57'),('3ZV3enCl6tx7GDxzHTeADODXJz6gXQjcUTfYYb0f',56,1469824185,'2016-07-29 19:29:45','2016-07-29 19:29:45'),('43W4yLmvZiAdwsFsCuQecSZJ6VdXEbrgbzXfS0j3',236,1470127337,'2016-08-02 07:42:17','2016-08-02 07:42:17'),('49heYKXP1YBPY04y3dxx0JJUYQDOhXU6f8brEHCg',235,1470127336,'2016-08-02 07:42:16','2016-08-02 07:42:16'),('4aNeChcNuzsPI5M1Vnlqex46nJziBypsDXxBLMkt',168,1470005296,'2016-07-31 21:48:16','2016-07-31 21:48:16'),('4ECBxhPlnFvtVILuFnUEht9hlDIT0mIGQsIUqmie',117,1469916147,'2016-07-30 21:02:27','2016-07-30 21:02:27'),('4mXvakAgfuz61epNmKqKCf5U1Kkjws5iQ9h1Mc9c',205,1470081866,'2016-08-01 19:04:26','2016-08-01 19:04:26'),('4qKdMgaRK8o30xV3k2a255oRwlvGBeFxQyVdp8tW',164,1469990697,'2016-07-31 17:44:57','2016-07-31 17:44:57'),('4WB8OCYtH2DRYZGKpsA7jeHdp92Lp182ZmUAiDe8',102,1469871752,'2016-07-30 08:42:32','2016-07-30 08:42:32'),('55Luckp2tcxlIeOYkkJDRcNTXTaAO3vc7dnD7udR',147,1469950616,'2016-07-31 06:36:56','2016-07-31 06:36:56'),('5POfLaIPG9Qu0rGlTLpdfHVUyy0loUCydGNMa4pp',149,1469952513,'2016-07-31 07:08:33','2016-07-31 07:08:33'),('5PUPnFNKodwG02iujbP4arhgyqe90jCx8E6r5oQJ',307,1470679955,'2016-08-08 17:12:35','2016-08-08 17:12:35'),('5rtT3F4K3VrLKY4Ci1ZcpYszRos5JTgx104rg4Tt',315,1470799279,'2016-08-10 02:21:19','2016-08-10 02:21:19'),('6I8Oi3MPzeCRipjn7vuTrJhqzXtSMNkIkMPpdSdW',148,1469952109,'2016-07-31 07:01:49','2016-07-31 07:01:49'),('6lUXpkBWKElJ246i4zJKu6aTkkT23qFeiYsTt2eq',36,1469763959,'2016-07-29 02:45:59','2016-07-29 02:45:59'),('6Mg2qSDkqx5Qpciw2AfUrNj2jFM4nC61VhJ0wd7b',119,1469916810,'2016-07-30 21:13:30','2016-07-30 21:13:30'),('6pISKtKdv6HyPNgpIeCYxJmQF41Gpc4s1bEsffHl',270,1470284413,'2016-08-04 03:20:13','2016-08-04 03:20:13'),('6rmRndfOFH7SWJXlvegqr3j5D53oeRf8eXZ4G6dM',216,1470092706,'2016-08-01 22:05:06','2016-08-01 22:05:06'),('6sDgHG2pGqFYxzF84dnAEYNUz06U3vxiDwukzwiD',22,1469763169,'2016-07-29 02:32:49','2016-07-29 02:32:49'),('6wxJyPKIdrJtBuMY4ELd7KwqhVLwovJo1z2XMuLo',318,1470885240,'2016-08-11 02:14:01','2016-08-11 02:14:01'),('72nW7dE0zN13fwS7owAaxQsIToIFgfWxt5e4r1KK',34,1469763783,'2016-07-29 02:43:03','2016-07-29 02:43:03'),('7JcwOdy0ymEQwKrjcPBDObVOhN23y7cpSkWQxG2M',184,1470034740,'2016-08-01 05:59:00','2016-08-01 05:59:00'),('7jV6eSgzfFBOGtiWz9XsBD4Z9rpTg3yEdtn7BOBi',191,1470035581,'2016-08-01 06:13:01','2016-08-01 06:13:01'),('7kIc8googkgAUErzbFKOaUFu9SHdJxYWTdddjkSg',160,1469987904,'2016-07-31 16:58:24','2016-07-31 16:58:24'),('7RvJXQTwQ46sd4HEQcbDu47q91OOf1z2DXJFns8j',229,1470117131,'2016-08-02 04:52:11','2016-08-02 04:52:11'),('7T6zLcjlmcNATsiuk5tTKWTI3CUHB8hZycYXWFgJ',114,1469915716,'2016-07-30 20:55:16','2016-07-30 20:55:16'),('81OwHbYcbQ6UCeAYN3kN70hcC40hH9aigphDYwgz',32,1469763671,'2016-07-29 02:41:12','2016-07-29 02:41:12'),('83cAuojGfL6qUTiIbqXI92sD6gJ9MeYcnekEAYaM',121,1469917302,'2016-07-30 21:21:42','2016-07-30 21:21:42'),('8C0qLDe2tuEqr8MYzuJnIsyz1LdQX7M0pvetFqCx',125,1469922459,'2016-07-30 22:47:39','2016-07-30 22:47:39'),('8NZNu5LmpZegwe3bz3MsmZncIoLqEUDK8laGUZEO',177,1470026855,'2016-08-01 03:47:35','2016-08-01 03:47:35'),('8RERlL3zmU5Xp6A2hlMPGI394oQ4KNz9JL0va4fc',62,1469834667,'2016-07-29 22:24:27','2016-07-29 22:24:27'),('97f45JfeNVJUKhGKGwV3uKazz9Ap6g7lNKTpXNme',272,1470293504,'2016-08-04 05:51:44','2016-08-04 05:51:44'),('9FBJjK9ANymhuf7TwMQt45i2CUpznF4Mt4SYyULF',275,1470303973,'2016-08-04 08:46:13','2016-08-04 08:46:13'),('9KmcbFyZmKBeUa63o98cWnJkSXkKpDITCMDVP8S4',206,1470081894,'2016-08-01 19:04:54','2016-08-01 19:04:54'),('9lnHX5rbBua4dHab6fhlcaJE6IYbR9P8x3Uh3IWs',18,1469762812,'2016-07-29 02:26:52','2016-07-29 02:26:52'),('9OmU2Q9ETvW9rk6QhCxiHqeO9ZAwETVmCxzikLrt',196,1470037363,'2016-08-01 06:42:43','2016-08-01 06:42:43'),('9oxQen18tAYhtGTaoc0uNVKHQWu0HrQX4txHDqRH',68,1469844712,'2016-07-30 01:11:52','2016-07-30 01:11:52'),('9QmuzMV1PqUUxlQp9VKVDZInoz1lgnfX3NtcgU3Q',108,1469915216,'2016-07-30 20:46:56','2016-07-30 20:46:56'),('9Sea72rsLxC22jFVcq1Jw7QpBUlpTLVIi6SHm41v',112,1469915378,'2016-07-30 20:49:38','2016-07-30 20:49:38'),('9WbXtWUn2VmX2KElWMVRPFmaQ28TsR0qKvcsdCpD',42,1469765782,'2016-07-29 03:16:22','2016-07-29 03:16:22'),('9y2mTIlI21gC1cuXHsdnaZzNElaZj7jXkaRS6mPg',145,1469950068,'2016-07-31 06:27:49','2016-07-31 06:27:49'),('A0imkxgyezRvS89lBD2QNPkrXoMdH8GExOKax8k5',281,1470304794,'2016-08-04 08:59:54','2016-08-04 08:59:54'),('a26MlSmCgaeRckv3RczY8gqMvClRHTrzIDJ9tPH2',83,1469858887,'2016-07-30 05:08:07','2016-07-30 05:08:07'),('a7AXKCCKKGPlXCY0hOiBSeqfd9MdfG3LmkY3bxsv',309,1470680391,'2016-08-08 17:19:51','2016-08-08 17:19:51'),('a7hwwhSWDPU7g5ab7XSVzwPGsyRDyN4uJKDAQ7qm',244,1470180342,'2016-08-02 22:25:42','2016-08-02 22:25:42'),('aGDYOmfxS1YO8HiketdPaP27gUHnzbN6QJvblodS',95,1469867566,'2016-07-30 07:32:46','2016-07-30 07:32:46'),('AmTxLPdWAYXhkJb8f07QSWx87DxRhXGHvoLv2vWN',48,1469779906,'2016-07-29 07:11:46','2016-07-29 07:11:46'),('ANoHoEBtOK8Rn95UhwMJp4oWboAXBvQWEriYo4Oi',324,1470886313,'2016-08-11 02:31:54','2016-08-11 02:31:54'),('aOD7NOw65YBE9XQFdzQ7gQWdSkf4eFf0NT9lf0pN',202,1470081850,'2016-08-01 19:04:10','2016-08-01 19:04:10'),('aprwJaZbd6f9sats5FPpCS0VTXtxOwEH5iNiPrUw',262,1470266175,'2016-08-03 22:16:15','2016-08-03 22:16:15'),('apxdh7NIadboRdVzpx0fgg4QxtRUReB3qKJ7RKsg',320,1470885580,'2016-08-11 02:19:40','2016-08-11 02:19:40'),('aR1dS4C4K2aPxVlSoqXGHe6LsdZ24isqArwcrJ3T',40,1469764367,'2016-07-29 02:52:47','2016-07-29 02:52:47'),('aURfdgR5SoUS6znVIu7yQ93UjhVgphej3LBQsV4R',101,1469871516,'2016-07-30 08:38:36','2016-07-30 08:38:36'),('azIxjRU2xFEd83OZJCQ9q5WJrOsV0RjG31PEOEsH',246,1470180436,'2016-08-02 22:27:16','2016-08-02 22:27:16'),('B56PJk0DJ4zIN2nb9tqQ8eLBWrSG9DW2nIwg0vZH',176,1470025710,'2016-08-01 03:28:30','2016-08-01 03:28:30'),('BcJkQhEgsd5W2hNledbm8MFaFVMrUvITG7ZVIOXM',297,1470351895,'2016-08-04 22:04:55','2016-08-04 22:04:55'),('Bdg10w3vZW1CQ6FN9kuNk6QqWmf8DQTo806g3Abe',60,1469833430,'2016-07-29 22:03:50','2016-07-29 22:03:50'),('BHQMRxtqEGjHNHHBWnTZQAzFQOfiyvlxwkQicoK7',45,1469774356,'2016-07-29 05:39:16','2016-07-29 05:39:16'),('biH09KKtK3e5UAZdw937oocR5EzH0tCJVXjrEwAC',28,1469763274,'2016-07-29 02:34:34','2016-07-29 02:34:34'),('bIXs8DNfVMaXH550wmsOF4zLY6jJQi07exXwNKov',2,1469748925,'2016-07-28 22:35:25','2016-07-28 22:35:25'),('bLe8LzO1DHaYkHozvqSzqJ1TKWAljRaXORDc9lda',238,1470130590,'2016-08-02 08:36:30','2016-08-02 08:36:30'),('BNTaqQVKUsa4fralz1YGoa6ieHRr5ibVTrMwUYmo',52,1469780392,'2016-07-29 07:19:52','2016-07-29 07:19:52'),('BOOhiy1G8oreaUH4XJGqf1eSEXRtNEcWGl1nsGid',163,1469990696,'2016-07-31 17:44:56','2016-07-31 17:44:56'),('Bp0v5EPRidIUmqhIODiW63KE3RWTQseCALqdAgk9',69,1469844725,'2016-07-30 01:12:05','2016-07-30 01:12:05'),('Bq2hxdAwJOtQfamgqxY6kW1RBLie95Vfy08l4bcv',16,1469762671,'2016-07-29 02:24:31','2016-07-29 02:24:31'),('bQzgTlefdbEZkv4CM3NblyAK0T4ihFH8jlzo4OnV',173,1470017224,'2016-08-01 01:07:04','2016-08-01 01:07:04'),('btK2UuRJEm4WEgR9fjzUutagsed50stxOptzMG09',296,1470351856,'2016-08-04 22:04:17','2016-08-04 22:04:17'),('bxHQe2m25dq080f8lEOVGJqLzRKN4TKnauqOwupo',182,1470032837,'2016-08-01 05:27:17','2016-08-01 05:27:17'),('BXJPBTxKEFDMxD5cGBM8vCpkh7AesTmpjGXGEdRE',228,1470103542,'2016-08-02 01:05:42','2016-08-02 01:05:42'),('BZIlCJrKUqGSrCimzjMHn8PxWlVu7eCkwNIPQzvC',161,1469990179,'2016-07-31 17:36:19','2016-07-31 17:36:19'),('c3jjs7AuZsHOLEj3TmU0TDesUsBLCzzY3uolStpn',10,1469762128,'2016-07-29 02:15:28','2016-07-29 02:15:28'),('c43eogV3SX4layPVXpblIgZmxFyjkHohHKSqpieB',6,1469756388,'2016-07-29 00:39:48','2016-07-29 00:39:48'),('ca5sqSBbk3D6T7Bz6wAO14KLYrjPAI4H8Y4d7Hjb',116,1469916053,'2016-07-30 21:00:53','2016-07-30 21:00:53'),('CaFX2l0QP6tTJYqTeCdd2uITC0aTXz6reRTyOARH',31,1469763591,'2016-07-29 02:39:51','2016-07-29 02:39:51'),('CEHlIQ0jMjZbKlJVioAFuf3PqYEjFztPo8hz5cbO',193,1470035908,'2016-08-01 06:18:28','2016-08-01 06:18:28'),('CJosrjii6uMarKvOPQSfMtYlAhYY3nvzqkwikJV6',295,1470351423,'2016-08-04 21:57:03','2016-08-04 21:57:03'),('cLIZkfA9Rl7qNUWqB8GHqZzpIKpsUMBCRQ1zt4ua',201,1470081849,'2016-08-01 19:04:09','2016-08-01 19:04:09'),('Cn1bm9bk1yQYidLcC9EXpYFozZPlWJcerKvRRwV1',310,1470705746,'2016-08-09 00:22:26','2016-08-09 00:22:26'),('cslXrKx1GqYo9WZh17ysDTfe2a8bY4hp6XTHz4Ua',5,1469751784,'2016-07-28 23:23:04','2016-07-28 23:23:04'),('CvGUa9VvxX8oB8hwtE7bBlItlmKMEbLKj11BdifR',137,1469941884,'2016-07-31 04:11:24','2016-07-31 04:11:24'),('Cvze1P7ah5FW5L4pacrGoHe8UFSI4X3W4b8agcn5',231,1470122803,'2016-08-02 06:26:43','2016-08-02 06:26:43'),('cWE204PXFJinLty7WnnmFgxMzherWAOR5IWO4dTv',127,1469923668,'2016-07-30 23:07:48','2016-07-30 23:07:48'),('cZwpYYL1ON5oz7ojLwkDvhFLxuW8gSzWLXfJQNVL',306,1470679605,'2016-08-08 17:06:45','2016-08-08 17:06:45'),('D1aB5uiFEMayRRrje9PNamQ9ghjQnXZBgLvbqr7G',253,1470200186,'2016-08-03 03:56:26','2016-08-03 03:56:26'),('DdYjbwsGayO4GwQWkQgnTkh53be6UcZWBMMYCmeY',258,1470218272,'2016-08-03 08:57:52','2016-08-03 08:57:52'),('dqnCDtLzTV16p5nWFSuZKhpiuMDHdyPyYWHylBrm',156,1469958245,'2016-07-31 08:44:06','2016-07-31 08:44:06'),('dtaor60ZHqJ3Qa8SsDh8ySp3EBMGrKD7XxGjkDWO',265,1470266262,'2016-08-03 22:17:42','2016-08-03 22:17:42'),('dyGsLfrq2ojP9XVXBEywPvZ33Zbhl6WrfhIlKDBT',51,1469780132,'2016-07-29 07:15:32','2016-07-29 07:15:32'),('E3Iv6LPpCDHMphe5oKVsRCkg6C4fj94Olp4zkNOr',30,1469763328,'2016-07-29 02:35:28','2016-07-29 02:35:28'),('E3MFB2UQFhxSwpX6mBo4VRBG6zwt74piaWdw7OhZ',123,1469918768,'2016-07-30 21:46:08','2016-07-30 21:46:08'),('eBw8BesUIVRWbDBpo4n6zVTxGu5nO3X97JjXoyrH',65,1469840976,'2016-07-30 00:09:36','2016-07-30 00:09:36'),('EE4WhmmRQd5CqTu3mvP59NRenMGFEQR4qBIgl2Ij',70,1469846425,'2016-07-30 01:40:25','2016-07-30 01:40:25'),('ei1qOIPeeZodrysql3gAbbN8uJxw3f83ehkiZfYx',146,1469950135,'2016-07-31 06:28:55','2016-07-31 06:28:55'),('eptzLPmEQ7WS9RsNVO6XB4Ep20jnOkJNkDeJjDk3',321,1470886199,'2016-08-11 02:30:00','2016-08-11 02:30:00'),('Eq3gSxJGb2bYpBeQvvRwiJo7SjZVJJz2NmdEkddu',274,1470303752,'2016-08-04 08:42:32','2016-08-04 08:42:32'),('ERHfDkbHQNWnj9o5w0eKRlsxWaF8JQqSG6494Qxv',109,1469915245,'2016-07-30 20:47:25','2016-07-30 20:47:25'),('erm02n924iHuRPVAIW94p1oRgHMPZTd9kA1TkX3f',214,1470091289,'2016-08-01 21:41:29','2016-08-01 21:41:29'),('ETCUkPvfbC2oymRQ1ViIHsSrZ5hxku4xB9MFNpSr',277,1470304342,'2016-08-04 08:52:22','2016-08-04 08:52:22'),('eWQNb4ArBb7hYpX9KDzXT87Z90tRe1rNKGvD6ipI',136,1469941778,'2016-07-31 04:09:38','2016-07-31 04:09:38'),('EWXhkuwhJ9wnyCDXbr8mTN3nW6yEi90egH25BUhC',257,1470214648,'2016-08-03 07:57:28','2016-08-03 07:57:28'),('f0hRGF7HC37MqUlddGvN4uWa1oV4ZvxrGf1V8L3e',225,1470095271,'2016-08-01 22:47:51','2016-08-01 22:47:51'),('feGqn0riUupPnYhjc6mnH5iTUyIpzHg29pXncz5j',188,1470035090,'2016-08-01 06:04:50','2016-08-01 06:04:50'),('FfOZp24geCiKvJnqQg9ZUoALYlBvQb0VXDrzh9Fr',223,1470094839,'2016-08-01 22:40:40','2016-08-01 22:40:40'),('Fk3lAY7s5AwNuxLPxEhEyT2uklzwPxsFb0NLj1yY',227,1470101528,'2016-08-02 00:32:08','2016-08-02 00:32:08'),('FSnkS321yVcgHSjRhuHoZB2uMzqIR1nFrrDY0ghN',224,1470094931,'2016-08-01 22:42:11','2016-08-01 22:42:11'),('ft0cinXR7irRxqogpg6PGBW2yrAUElzwZwSIxd0I',282,1470304795,'2016-08-04 08:59:55','2016-08-04 08:59:55'),('fXcLT72Xkwv7GFRAKwW7EYAH8KwC7jRabCY7n46w',59,1469830986,'2016-07-29 21:23:06','2016-07-29 21:23:06'),('g0uSzFxZtPmxlEo8sHgwtIM5oR97F3Rm6i0wV5Xo',230,1470119167,'2016-08-02 05:26:07','2016-08-02 05:26:07'),('G1dBy3l6FkA5wEhWgQkIxF55dDRKjbNKJSvgepiC',157,1469960040,'2016-07-31 09:14:00','2016-07-31 09:14:00'),('g4wTdVtWTuPo6dk13V12zaUkJhDpBZHFWokvKT5i',172,1470014613,'2016-08-01 00:23:33','2016-08-01 00:23:33'),('g5zhu52ulqcTSPuZ3VSvROaUQMfqpxlHyGMvesT2',130,1469926472,'2016-07-30 23:54:32','2016-07-30 23:54:32'),('GA5506ezSjGw6sdHFaFdOU6IEhxvJIqv6NKIzjvl',50,1469780110,'2016-07-29 07:15:10','2016-07-29 07:15:10'),('GABjeJOKlQ1jP8q9th7pOQCZddliswlyIsWo3zIy',144,1469947377,'2016-07-31 05:42:57','2016-07-31 05:42:57'),('GApOZ1G7T2R7H0SuvfZfvgVkBGpsBmXTuocVAHrw',33,1469763753,'2016-07-29 02:42:33','2016-07-29 02:42:33'),('gEwBdvbq8xRkhX2LRfWuKRZH7jJ8buHc56lfsCON',115,1469915766,'2016-07-30 20:56:06','2016-07-30 20:56:06'),('gpZNMCy76YcoIeYGfOmaPjzJeeqQkbCVuXUjjPsY',291,1470341063,'2016-08-04 19:04:23','2016-08-04 19:04:23'),('gSBKfm7lOu7Pza0CywAlV7xNtk9TmepGiLfVgqFn',19,1469762932,'2016-07-29 02:28:52','2016-07-29 02:28:52'),('GSTHqGVGlgdAeZjHGuJoBDWn4xHdOIT5d5UxulLf',134,1469940858,'2016-07-31 03:54:18','2016-07-31 03:54:18'),('H5DDDSwyoqeGkrj6n2tTL7zMVCzbZsij0yHSQSei',14,1469762401,'2016-07-29 02:20:01','2016-07-29 02:20:01'),('h84nWkZNiFXreeOAfUZiDibjlrMd3oAkc1MUT2PB',226,1470099359,'2016-08-01 23:55:59','2016-08-01 23:55:59'),('H9tMNMmR9WCdbb2LtD4gqP5oS0l15CRh7EWRytTq',113,1469915613,'2016-07-30 20:53:33','2016-07-30 20:53:33'),('hcUU8QSi3dPesZ4tewhYCU92t11dENt4cCKMEZvF',313,1470791182,'2016-08-10 00:06:22','2016-08-10 00:06:22'),('hCUXuCiUr1waRJb74DJ4YRzY0TEUYtSgt0RQYTNZ',58,1469830359,'2016-07-29 21:12:39','2016-07-29 21:12:39'),('hDvo1VYAFB6qClUxpvEEOJmAnAGTM6CcwImfcmuj',166,1470001255,'2016-07-31 20:40:55','2016-07-31 20:40:55'),('hF3h5dfhx95isqhndabCyVagdDjmXTNMqmbY9DEt',323,1470886290,'2016-08-11 02:31:30','2016-08-11 02:31:30'),('hhgacW7rjiSkVLOSQh8B9BOfAXNEgMPQPghSCEG3',285,1470338078,'2016-08-04 18:14:38','2016-08-04 18:14:38'),('HIIgIlsR8blfWWFvwvYlkHoOaFEHEWmTUvzq1Y7i',218,1470092911,'2016-08-01 22:08:31','2016-08-01 22:08:31'),('hJiHJDZ4mM8qIB3IaMwMU0WJLpP42eoXN1O0EybS',312,1470791126,'2016-08-10 00:05:26','2016-08-10 00:05:26'),('hLQQnJy9L2Sdj8KSmFkJVhNE9EDz9BaBrJfSxkLz',217,1470092910,'2016-08-01 22:08:30','2016-08-01 22:08:30'),('hlug9zEQfRLpfJpwfols0zkwhhyD0sSBUwjBPLRK',3,1469750693,'2016-07-28 23:04:53','2016-07-28 23:04:53'),('HM5vyDZQo1MPpkEs7MUgst7zUGJ9jNF4712sXXa9',271,1470292549,'2016-08-04 05:35:49','2016-08-04 05:35:49'),('hmZ3Kmt6DBFVUej41tR4J3BweYxGA5zTNes0rZJ9',81,1469856555,'2016-07-30 04:29:15','2016-07-30 04:29:15'),('HQvUnq1kdGm4cXSjysi0cKzw3nriVaTdzfWXjTVQ',276,1470304215,'2016-08-04 08:50:15','2016-08-04 08:50:15'),('hza5cihNVnmXFYu3xtkA1x8blYIlGj4zKpAF3cDA',294,1470351367,'2016-08-04 21:56:07','2016-08-04 21:56:07'),('I5abksbnXsDcoe1RHroTT4ypRqUS6GYbr4IDer4C',278,1470304422,'2016-08-04 08:53:42','2016-08-04 08:53:42'),('i82HGT7EHwb3wWP3rdHM7TQwjnkQZIi7E3OiXQsS',308,1470680391,'2016-08-08 17:19:51','2016-08-08 17:19:51'),('I8N362dcsJVqGK1DUMVqDiYc2wHe4m0Dx4tRpmOW',71,1469847017,'2016-07-30 01:50:17','2016-07-30 01:50:17'),('Ibyid6ivny4Bu3n9lttoc7uvl6DvoRdvFr9Re0i1',293,1470351365,'2016-08-04 21:56:05','2016-08-04 21:56:05'),('IC4r5my7le2fNlPVhruEp85VExDmc4lYeYHO23N9',203,1470081850,'2016-08-01 19:04:10','2016-08-01 19:04:10'),('IDGezXrtWk6pDlxA4niLUsqTi3Dr0thWykESYfc1',64,1469840674,'2016-07-30 00:04:34','2016-07-30 00:04:34'),('IIXIKLyx30njMVaLq0Qa46P9xZBvCAhc6NoToCaL',190,1470035539,'2016-08-01 06:12:19','2016-08-01 06:12:19'),('IPCof4Lf79Wv6DLUdXlXybOaNXC7PaI9hP0AJszr',78,1469853794,'2016-07-30 03:43:14','2016-07-30 03:43:14'),('iTsGKR9ZeEOW9dHZwogZdXbKK4zqeD9aYUP8ZWZT',240,1470131629,'2016-08-02 08:53:49','2016-08-02 08:53:49'),('IZaO4LMr1dVosuvWGuPCQvfBO2CjsQxrIlwfEZu2',88,1469863282,'2016-07-30 06:21:22','2016-07-30 06:21:22'),('iZv4xj5CpLkHtrTodpcLSfWceFhCt8dY4CRd8f8E',47,1469778290,'2016-07-29 06:44:50','2016-07-29 06:44:50'),('jcE9ikl2auTH4xc0tYxyBi3x8nN6uCWuhMiwoGCm',49,1469779918,'2016-07-29 07:11:58','2016-07-29 07:11:58'),('jgZY7XyutT0EBGSEPkDhXzHMrmejcIksYADy9oNM',43,1469769243,'2016-07-29 04:14:03','2016-07-29 04:14:03'),('JHATuy8zE18YLTcY4pVjFebBtdLkVwCQCK331vCU',261,1470266174,'2016-08-03 22:16:14','2016-08-03 22:16:14'),('jhzwOW8cDyLniuOHjVdgAFdK2qd13VpDsiugr6hb',207,1470081994,'2016-08-01 19:06:34','2016-08-01 19:06:34'),('JmBkU3MWdUrHGw42zoc5AS1e3aIdkRWPbYdvMuV6',118,1469916376,'2016-07-30 21:06:16','2016-07-30 21:06:16'),('jmM4n56kd1raVN62lkCkiOoXzGULdZXwcD5wqIwv',241,1470178905,'2016-08-02 22:01:45','2016-08-02 22:01:45'),('jqkYHBQJwISdk22FrcnF3itLoK2GkKhef0nlMWVB',210,1470086788,'2016-08-01 20:26:28','2016-08-01 20:26:28'),('jQZxCgvrMNeXWiae9ZA4iv3DBCS05FfapFO8gEEu',239,1470131210,'2016-08-02 08:46:50','2016-08-02 08:46:50'),('JYHpgnAfMSP4wFT8TEyBNP4IAX9yaySwGqnmnmJ1',97,1469867611,'2016-07-30 07:33:31','2016-07-30 07:33:31'),('k0S1owBzg6ep2bkvknBIJsq8mdAVGuwavJhnGLUo',256,1470211041,'2016-08-03 06:57:21','2016-08-03 06:57:21'),('KB67cokqwj0wmDmE1HYWpMcrydBZfao6HLF9mWI0',106,1469909337,'2016-07-30 19:08:57','2016-07-30 19:08:57'),('kCRNvGhbxmkoPfDIxdclb7Wwbnq1gmbRUCHWMzmE',7,1469761477,'2016-07-29 02:04:37','2016-07-29 02:04:37'),('kiI2pQvgyiDoxe296s2AaBG0GkRE5CL5HE5ZAVC2',233,1470126736,'2016-08-02 07:32:17','2016-08-02 07:32:17'),('kNp6zL9ahGbscRXmIhqZSAo9OXUzvAhAykOVDAsK',1,1469748434,'2016-07-28 22:27:14','2016-07-28 22:27:14'),('KUZ0oWvyWHCllAM5GuTjmUBXkykTfp05FTJLiLoC',139,1469943817,'2016-07-31 04:43:37','2016-07-31 04:43:37'),('kuzpOAbO3NHRuwjmCjIZTZbji9tDGmHsSMhkLiu6',93,1469866100,'2016-07-30 07:08:20','2016-07-30 07:08:20'),('KxwHZhMYjCSLUP4oZVjKmBFwITyA5YUtRtGulhwW',142,1469945762,'2016-07-31 05:16:02','2016-07-31 05:16:02'),('L2qK1fVdeGmoP8fTGmTBFJJBYDkIO5kdYtg2MNgj',213,1470091218,'2016-08-01 21:40:18','2016-08-01 21:40:18'),('L48dfS7YUxoqKPkDBf7QuyOfRIW3mYlmFUkVhFqh',96,1469867588,'2016-07-30 07:33:08','2016-07-30 07:33:08'),('ldlSeCeeI6hV6tgohTE5nkLrxsEI59WRNZe5KVOB',234,1470127108,'2016-08-02 07:38:28','2016-08-02 07:38:28'),('lINizSzr21y4bwNnHoIZ9I8JyygSsReN535JLKNp',140,1469945144,'2016-07-31 05:05:44','2016-07-31 05:05:44'),('Ll9hZGUfDRmCMEWj9ABqdn5P2hLeYMItPQIiVkgG',171,1470013456,'2016-08-01 00:04:16','2016-08-01 00:04:16'),('LlqKZHmKlPSlbysJkPERoYXqibVO7nuJa6fRfpTF',298,1470354616,'2016-08-04 22:50:16','2016-08-04 22:50:16'),('lqKcR1yV2PgvY13P923dOUumKuQLay1HfrgEvReK',162,1469990192,'2016-07-31 17:36:32','2016-07-31 17:36:32'),('ltfTcc9FL8otcNxjFVl1bUGvudtOd406P5otv3KQ',192,1470035695,'2016-08-01 06:14:55','2016-08-01 06:14:55'),('LTp8K12YTYaQmv46VTcRQpHHbjWoAI1y2GYHUxzn',220,1470093120,'2016-08-01 22:12:00','2016-08-01 22:12:00'),('M1zc3FKoPqUJtrjxU541wjPMFyXl9Xf24fija5vg',181,1470032291,'2016-08-01 05:18:11','2016-08-01 05:18:11'),('M4wWJY1KmlUNyVGuSa2Ca06f9sfXsl60VtQ44OW8',266,1470268932,'2016-08-03 23:02:12','2016-08-03 23:02:12'),('M6D0Ltj2YiY60KK7lmMFamJf3PXLbBqhWEYVXKl2',199,1470038100,'2016-08-01 06:55:00','2016-08-01 06:55:00'),('M7RdnCpOMcAn1BqZHwyrMmQ0DzoMtIXNAH26kA48',287,1470338670,'2016-08-04 18:24:30','2016-08-04 18:24:30'),('m8OKc6QM5WEZHeUHipvIlYdpG0sc0Agh88d2GDLM',9,1469761629,'2016-07-29 02:07:09','2016-07-29 02:07:09'),('mC2PmRCzX8NUahGIWWOYuveGMDICudq6WlTcrc4b',129,1469923887,'2016-07-30 23:11:27','2016-07-30 23:11:27'),('mDeyDqvK3MqcubdFB5JDoVJjj2x9HZJZVDeHFLlJ',21,1469763154,'2016-07-29 02:32:34','2016-07-29 02:32:34'),('MmSmCE87ns3MZzF09KZkVmv4RCDyoa40TsObEnwn',311,1470789707,'2016-08-09 23:41:47','2016-08-09 23:41:47'),('mOj12pd0RNWtUfCfmyYhrEadnymLa3NLpRlGXMJ3',26,1469763175,'2016-07-29 02:32:56','2016-07-29 02:32:56'),('mpxhxLUMee9obLbMSHAPJxC9AlSUIPicw1IidoG7',20,1469763011,'2016-07-29 02:30:11','2016-07-29 02:30:11'),('Mq7tZdC4Wv2yMi7eWa5ZaXsyrLbxXgcfCGpeoOfT',269,1470279866,'2016-08-04 02:04:26','2016-08-04 02:04:26'),('n1mjy3WxkRuD29F9BJMeYNsCLI9EB6iFYvwaetgw',151,1469954409,'2016-07-31 07:40:09','2016-07-31 07:40:09'),('N4nYCtbGfzLfIO27AFXfMAs0jlWWHwYlE5VKjHgh',98,1469870987,'2016-07-30 08:29:47','2016-07-30 08:29:47'),('n7mAsZ4tB1HDQGKKbBbdogzSSf3Qr3QYgHB5aocN',280,1470304643,'2016-08-04 08:57:23','2016-08-04 08:57:23'),('nAJsEpLERkUprgtsW7fCjl2qGbo0P5lEwbR17Xb6',80,1469856347,'2016-07-30 04:25:47','2016-07-30 04:25:47'),('NBpMTazmtOB8pncoua5gJn8KP5RPaMTUWAXqvswU',302,1470355425,'2016-08-04 23:03:45','2016-08-04 23:03:45'),('nCqwyyD30L1ICrfHDhKqmjACc24f2TeUp8vf1zS6',194,1470036170,'2016-08-01 06:22:50','2016-08-01 06:22:50'),('NHNwFy8aNykjOr9ttMCmCjv36rAc7WfvCHm8Rvz5',38,1469764315,'2016-07-29 02:51:55','2016-07-29 02:51:55'),('nlsaWzlF4dydPGtapBj8RuQbh43pBJnyJWgEdKy2',215,1470091292,'2016-08-01 21:41:32','2016-08-01 21:41:32'),('nLSyw1ig9CErLGJCmOfkb6IK4apykth6gdQPqtNq',174,1470024616,'2016-08-01 03:10:16','2016-08-01 03:10:16'),('npChwfdaysHP7hftLkgyAZAY62K6D63onqypYXpk',195,1470036174,'2016-08-01 06:22:54','2016-08-01 06:22:54'),('NqVwWkyKB7iTLFdeCW7Pp6XSIXgLXHvFiOvtonsP',319,1470885242,'2016-08-11 02:14:02','2016-08-11 02:14:02'),('O1y5VLWWBQSOf5TStFSyjnLw9gd63ze8317IZOUf',263,1470266175,'2016-08-03 22:16:15','2016-08-03 22:16:15'),('O63DeRpVaUHcAw4ZyhMDrBGF5Spe3JcJR9RdYIvl',67,1469841455,'2016-07-30 00:17:35','2016-07-30 00:17:35'),('OnwHBpCdFvGnBY7Dv5HAxFUjj5hgsbCrHJuu7QLr',273,1470293505,'2016-08-04 05:51:45','2016-08-04 05:51:45'),('oOR2McHtckRtWsvaiGhGqEMp30BPiKbthhnLsdhN',152,1469954503,'2016-07-31 07:41:43','2016-07-31 07:41:43'),('oPq1pOzZG4OKOFyVqEIIXmbHYPbVrNzhdJDMbrzl',242,1470178905,'2016-08-02 22:01:45','2016-08-02 22:01:45'),('OqP2QcWuHkB6fDgr2bhHtLVRusPmT18qbeXrPAyy',284,1470337903,'2016-08-04 18:11:43','2016-08-04 18:11:43'),('OrHnzSV1OvjSqJLDiWm7KLyR0nIa7R7NoFcXVDxq',180,1470031152,'2016-08-01 04:59:12','2016-08-01 04:59:12'),('OwQj26oW9SzYYvjAq6PSSRvQ1HcQ1tTHG4vLejaq',141,1469945591,'2016-07-31 05:13:11','2016-07-31 05:13:11'),('OXdJqfGOMWrJdFcteOQcSY0amLfku74h7WCOWD3c',17,1469762795,'2016-07-29 02:26:35','2016-07-29 02:26:35'),('OxnYmvl68Tzhdjnr3JGoU42qCl0eWlayKuZmJ5T9',75,1469850198,'2016-07-30 02:43:18','2016-07-30 02:43:18'),('OZcdXRCWgeHdhIqW8Ee4jJDYeAnVZ3KIdExfws1D',154,1469957882,'2016-07-31 08:38:02','2016-07-31 08:38:02'),('ozluJBhijTuv2KpYxsCIceNskaz0G9y9p6e9a90o',301,1470354913,'2016-08-04 22:55:14','2016-08-04 22:55:14'),('PAUa5lwJ2RRWcp5Wi5Xg2wVzKOa7nqkuou4Ih2wJ',126,1469922532,'2016-07-30 22:48:52','2016-07-30 22:48:52'),('PD6eOYZltWZnxRqIUlAYK7DwKJx3dzAoX21O7hIH',104,1469908629,'2016-07-30 18:57:10','2016-07-30 18:57:10'),('pEKsgwgeYq9aDwZFvWzD3plPcpIrIcUNPep8f0RD',255,1470207414,'2016-08-03 05:56:54','2016-08-03 05:56:54'),('PFdfAU9yqZR1s0Olu0gOgV8FFOMKNQbDhn301IvK',13,1469762308,'2016-07-29 02:18:28','2016-07-29 02:18:28'),('pievuH6DP20sikU5LtEcaiukqzSYGuVhcEi1qrhG',120,1469916932,'2016-07-30 21:15:32','2016-07-30 21:15:32'),('PMGzqfTLjKLJ9oAkeSTf3YxJt1NYfjDF8cn9P0zI',232,1470122804,'2016-08-02 06:26:44','2016-08-02 06:26:44'),('PQXs6vXEEz0v4c8DoT16aWF3IFrguWEYHu8AOBQv',150,1469952822,'2016-07-31 07:13:42','2016-07-31 07:13:42'),('PRvdxETYHadViqBzB2lgnM1dhGSKO9GlBuWUoKaI',305,1470679117,'2016-08-08 16:58:37','2016-08-08 16:58:37'),('Q1NPbnKawQSSGKoXS34yG43mOIeLgGqx791RpV5C',267,1470274964,'2016-08-04 00:42:44','2016-08-04 00:42:44'),('Q3wNVJPqV0uKMr3EvWVCba96F1ipQ26jktD8BHxN',79,1469854574,'2016-07-30 03:56:14','2016-07-30 03:56:14'),('QCRSRr3WnMDCu5QpiUcSCgADPfFwqwN0BBhJJLTp',73,1469847785,'2016-07-30 02:03:05','2016-07-30 02:03:05'),('qDZ06RgZMUnob12pE2E680EWna7BLRLn49FaskQQ',87,1469862590,'2016-07-30 06:09:50','2016-07-30 06:09:50'),('QSxS4NfrqCHROZ0nPPAjDviSBKLxRexXFxeww9LH',247,1470181185,'2016-08-02 22:39:45','2016-08-02 22:39:45'),('R4RcsWTeXdyKc25qU8EhAcQaXQK08Xeqo2Jo6whW',249,1470181716,'2016-08-02 22:48:36','2016-08-02 22:48:36'),('RFvGbNw52KG6B5EOsi6B6vgOjChjpMd7m2Tk3drH',268,1470278819,'2016-08-04 01:46:59','2016-08-04 01:46:59'),('RLv0LRcq6aP3OYUSlQrDAhHOtcG2QgmkOvY8RvOn',4,1469751429,'2016-07-28 23:17:09','2016-07-28 23:17:09'),('RNZG4EXUKdr7inZCmbFctKrHgdYwEzLZKBtJPcKl',252,1470189590,'2016-08-03 00:59:50','2016-08-03 00:59:50'),('rsLHJ85QVN13qXq0cD45NQqJjHxguBoygxvFZsbM',76,1469852391,'2016-07-30 03:19:51','2016-07-30 03:19:51'),('rU8ZRMwDZIFTO2QPsVVNFQcnpn1Vbb7c0Q2kiVmA',222,1470094502,'2016-08-01 22:35:03','2016-08-01 22:35:03'),('ry0KAiAlgUQkri3sgMSNdUpNdcVqJ7iSZxQcCoCM',186,1470035017,'2016-08-01 06:03:37','2016-08-01 06:03:37'),('s1JJeJu8wn1h6Oy9knaPSxPcYhlUe4vi9WsVp2w9',24,1469763170,'2016-07-29 02:32:50','2016-07-29 02:32:50'),('Sai3aFmSo2PHiKnUvALRPOhinqVFLKM7gq4fLe2V',208,1470084251,'2016-08-01 19:44:11','2016-08-01 19:44:11'),('sbjjxp2l4VzsyUVpgg9y0VbyrtjmNiBzLFh30vK7',94,1469867538,'2016-07-30 07:32:18','2016-07-30 07:32:18'),('seo9T5uzBK839WnDd3QZrGnpcUBHMbE6mJt7xp8L',303,1470355550,'2016-08-04 23:05:50','2016-08-04 23:05:50'),('SHYUtfZAWTSnuIT7xWigxyC3eS6sPCDPf7m3hRIh',198,1470037774,'2016-08-01 06:49:34','2016-08-01 06:49:34'),('sl3nnYhPNu4tMnzqxzOrxGKMt3B2gy8SbMSVq0jU',82,1469856599,'2016-07-30 04:29:59','2016-07-30 04:29:59'),('slIAxxR0xWRH5VXwpuFJ5wl6NPXOB0cMEdR6Mbwy',165,1469991758,'2016-07-31 18:02:38','2016-07-31 18:02:38'),('sLil3QHUm3gfAmaopCpHxVDy9LO43LovJcdRb5e6',175,1470025651,'2016-08-01 03:27:31','2016-08-01 03:27:31'),('sNRDCWZ48wATclpF9EboSnFBJE5nUxj85y0jOLWL',128,1469923819,'2016-07-30 23:10:19','2016-07-30 23:10:19'),('SrngXzMQg6QMXqOBmo5cbx6Ui5sCWS6CUE74N6vl',322,1470886208,'2016-08-11 02:30:08','2016-08-11 02:30:08'),('ssljzC6LN8ekFgK8jUa0UH44MEoKYuaqHoE09ELd',209,1470085932,'2016-08-01 20:12:12','2016-08-01 20:12:12'),('SYaU9CTHu0Rg0wewGpJVIpv2GOCa1AwYrcjYp7bh',124,1469919195,'2016-07-30 21:53:15','2016-07-30 21:53:15'),('synYsbClI1vBXByLOxKxrvEYilsUWAyrBIhCAz9O',158,1469984739,'2016-07-31 16:05:39','2016-07-31 16:05:39'),('szp4DrMzOYKThUhBW53dmxbK9NnpbwLZbQUbSWdJ',72,1469847042,'2016-07-30 01:50:42','2016-07-30 01:50:42'),('Tgi1RhPEgTxweTy4QoyD9Y07fcT4Fc6pCeoq6kGJ',89,1469865233,'2016-07-30 06:53:53','2016-07-30 06:53:53'),('TH3SsbDNQj4NIFTYvPTypzHKOlgUJwHzAiAO52AG',183,1470034679,'2016-08-01 05:57:59','2016-08-01 05:57:59'),('th7u3NQ00VJkqK5a8IM4KC7zGfsMxqopjwymqK4J',204,1470081851,'2016-08-01 19:04:11','2016-08-01 19:04:11'),('TIcbiDBf76OGzvCKQ3Yoy331z4lvqJnSuKrKmgs7',153,1469957091,'2016-07-31 08:24:51','2016-07-31 08:24:51'),('tIf3nIC9IqlB3cyeh52Wjc6pL5EcPkwEyTgX0dw6',110,1469915256,'2016-07-30 20:47:36','2016-07-30 20:47:36'),('tu69acABxjsavDreNuhbxeO0UTf6MTSKTcpZWctu',219,1470093111,'2016-08-01 22:11:51','2016-08-01 22:11:51'),('U8x0x1E9IevXR81FA6MP8QeuQDkgUNLYJqlAY57h',212,1470090002,'2016-08-01 21:20:02','2016-08-01 21:20:02'),('UaaMzO4rP5Y24Z1FEDOzlNgpiIQQggXvneGCazUL',12,1469762295,'2016-07-29 02:18:15','2016-07-29 02:18:15'),('ucwtpZDmzBqxn5M02FjUcpE679IBweEjU1SWwMmO',288,1470339090,'2016-08-04 18:31:30','2016-08-04 18:31:30'),('Udns3ozMLnfgq8v3Zl80IRDdD5wZsBD7KMDqaaWK',260,1470221934,'2016-08-03 09:58:54','2016-08-03 09:58:54'),('Ui6t41JWeVLmUKviWVIBz0W5N1ZZVmWHaDrDnClV',250,1470187980,'2016-08-03 00:33:00','2016-08-03 00:33:00'),('ujQfPdpmd3GoQlkFEOmDu04aJrwJvaATli6eNHgG',155,1469958244,'2016-07-31 08:44:04','2016-07-31 08:44:04'),('UN6lT2cwAvCeUeQtiL48D40ZOXiln0l9ebCGL22j',251,1470189148,'2016-08-03 00:52:28','2016-08-03 00:52:28'),('UP1P3FQlC4w4Yj6yqZszGIlx5MAStiPDslbav4nr',27,1469763176,'2016-07-29 02:32:56','2016-07-29 02:32:56'),('uRM0Rgundy9H1OzN8bW0HwoVNLPioa7bjW7540Hu',46,1469775970,'2016-07-29 06:06:10','2016-07-29 06:06:10'),('uwzWb6kANSmSOK20iWb8vv9hb0qNoUGo8NiSKIm3',66,1469841439,'2016-07-30 00:17:19','2016-07-30 00:17:19'),('UXDdPIKoHrhYZEeAXDQz6Fk7wzXTO1pWDoS0YhMM',86,1469861106,'2016-07-30 05:45:06','2016-07-30 05:45:06'),('UZEvsBJP3jLAtwa0KoAjMg17pOiKXLr77BRKUf0B',237,1470127944,'2016-08-02 07:52:24','2016-08-02 07:52:24'),('v88jQN8Z9OZLN7RAqtl1PjweGLCxLf4iIzvyOk03',131,1469934322,'2016-07-31 02:05:22','2016-07-31 02:05:22'),('v8kjMIrYPSQUJS7HVb3uiWkcELK9DmCxnhyr6EXn',15,1469762414,'2016-07-29 02:20:14','2016-07-29 02:20:14'),('VeCR7FSFqTjvusHBgL4pfpvsUuDKYro4PRS5opGq',35,1469763893,'2016-07-29 02:44:53','2016-07-29 02:44:53'),('vf9FyZrbHpH8bia38vKq5l4wgC3FXP1YDmHoX7kc',132,1469938042,'2016-07-31 03:07:22','2016-07-31 03:07:22'),('VgkJyGjG63nIhcifxmeGDdAoTQ8e0eihPdzyAnYn',314,1470791185,'2016-08-10 00:06:25','2016-08-10 00:06:25'),('VNqFCjG7W4OhbtTGjYQzFq0LO9SzQ8zyZlIe6oaM',200,1470038138,'2016-08-01 06:55:38','2016-08-01 06:55:38'),('vqB9vKw2PFH5l4icoC8Kar80vIFDEZV4eTH8mZiz',90,1469865442,'2016-07-30 06:57:22','2016-07-30 06:57:22'),('VS9DqMRsjzq6m8IPO7tHXasdallUZFkrfQoegJCt',23,1469763169,'2016-07-29 02:32:49','2016-07-29 02:32:49'),('Vsu5MtHBRxhKR5MifSTRBrVqPgZW8zhDPtRTiCQv',292,1470345777,'2016-08-04 20:22:57','2016-08-04 20:22:57'),('vtrOCC6f7HISCLvSPeYz0jZQmtfb2bzFk99arTuH',167,1470003472,'2016-07-31 21:17:52','2016-07-31 21:17:52'),('vWM1l354vWiI3Ys7rjKHIl54cJkeNnX6DjkehZpq',41,1469765718,'2016-07-29 03:15:18','2016-07-29 03:15:18'),('W3lhFicU4AXDvV6q5ngal3P19Je62BuGXxCrkf6n',243,1470179244,'2016-08-02 22:07:25','2016-08-02 22:07:25'),('w6s0hBJVK86kT0bxIwR1dCuIh40hVr846c8u6Ax8',100,1469871494,'2016-07-30 08:38:14','2016-07-30 08:38:14'),('WCjDwuz9o124y06SiYeSh7UMvKuvIBGZ7LNcyXzB',25,1469763175,'2016-07-29 02:32:55','2016-07-29 02:32:55'),('WkJ4OD7nBlgrcY4W8H6z4piAcw3KFI1e12Oc7PHX',286,1470338589,'2016-08-04 18:23:09','2016-08-04 18:23:09'),('WKOXpeGBFS8lyxSaz8Q99TlFCx12PIp56qiHIEPi',211,1470087425,'2016-08-01 20:37:05','2016-08-01 20:37:05'),('wkPS5kO1snkabvnA24wMvIxy3bJeuJIi7LMl3Pkd',92,1469865845,'2016-07-30 07:04:05','2016-07-30 07:04:05'),('wMAcgQ5yCRS9jg61kIyWmtKhFhbLgoQMjmD7jVzF',187,1470035048,'2016-08-01 06:04:08','2016-08-01 06:04:08'),('wmeMt5CPHGCamm5MsKkoISzvboka5fnAM855KrVA',170,1470005741,'2016-07-31 21:55:41','2016-07-31 21:55:41'),('WnqQbKsaM8XVuqQqtpaGIRDRxnThkP1pi3195JDC',143,1469946290,'2016-07-31 05:24:50','2016-07-31 05:24:50'),('wpEeRdCMoxpIaeIqpqTXyTzkKFsc1OY4hHs7bI4t',37,1469764062,'2016-07-29 02:47:42','2016-07-29 02:47:42'),('WTuVQPA8H5daf11Qimdz3txTwU3EP1FwcTN1dV2r',91,1469865470,'2016-07-30 06:57:51','2016-07-30 06:57:51'),('x6Gqq1899Hz5UNNlVdrERrNpcClaM3Dv0EOdZOeq',55,1469787471,'2016-07-29 09:17:51','2016-07-29 09:17:51'),('X91kOmqpDdSG60aoUCQY6uY9FZYsMpm2M10y24ww',159,1469986543,'2016-07-31 16:35:43','2016-07-31 16:35:43'),('xaHV4in6tbVu6JrNvXrzds1FvBMfD5qRRhLMI4n2',283,1470304918,'2016-08-04 09:01:58','2016-08-04 09:01:58'),('xBQA4854eIVdJ8reOY1sLlJJkeglbvlBxQRUakKm',133,1469938859,'2016-07-31 03:20:59','2016-07-31 03:20:59'),('XFazutp2KVwzL6Y3AOLdcNXKQdF7O4K7BltvHz8d',185,1470034743,'2016-08-01 05:59:03','2016-08-01 05:59:03'),('XhPmifF12Z5Edk15FisIPALIkKyjBPWsuR3qFqXW',107,1469915121,'2016-07-30 20:45:21','2016-07-30 20:45:21'),('xIHM1CjpYSRLcriySOgWEeyFeRzzOIIHnewn1LBh',290,1470340721,'2016-08-04 18:58:41','2016-08-04 18:58:41'),('xIzRCLHsQI5Az2HlPALCWotWik1Cz8pJ0zz3SSzB',264,1470266261,'2016-08-03 22:17:41','2016-08-03 22:17:41'),('XPG7mVxJlXaK26OldSDS1PABI3PgTjuf6pqCKTNd',135,1469941664,'2016-07-31 04:07:44','2016-07-31 04:07:44'),('XReQctkhQhBJmbgUsX0vXT6s4jFcgQeAGakJhcyO',77,1469852513,'2016-07-30 03:21:53','2016-07-30 03:21:53'),('xUEB4S7o2hxajkU1k3jYSs5PRKRtA0j0jOIcuIqp',259,1470221933,'2016-08-03 09:58:53','2016-08-03 09:58:53'),('yeXHEMaIwifvVKkAsJDNEnldeRBk16jZw8mZt897',74,1469850151,'2016-07-30 02:42:31','2016-07-30 02:42:31'),('yfMsOaLtn1RnFyAdEmTDlAsIuifw3F6sT4NVBis3',63,1469837893,'2016-07-29 23:18:13','2016-07-29 23:18:13'),('Yfsug1WeYbyrv0C3loSvL41UyhTOCHDhROg0zigM',99,1469871112,'2016-07-30 08:31:52','2016-07-30 08:31:52'),('yg4bEmfEoBPjyI3i6VEI0aPONHvLTSjsI3rgNGNz',189,1470035370,'2016-08-01 06:09:30','2016-08-01 06:09:30'),('yKKs0ZTO6IpotN6wjj8CTzJ9uzG5KZjusi8LbHdM',11,1469762140,'2016-07-29 02:15:40','2016-07-29 02:15:40'),('yKoa9WJJXhVZSw9ywWDhOfLUmcBq2aYdcPsWuOGW',84,1469858939,'2016-07-30 05:08:59','2016-07-30 05:08:59'),('YlWdAH2fZIGr107766XBQ4FeYuonGKdA0eUfdHtA',8,1469761513,'2016-07-29 02:05:13','2016-07-29 02:05:13'),('yn9Vgpu4J9n0VE83MSl6qQRxOklLdTyPddYcal9u',248,1470181632,'2016-08-02 22:47:12','2016-08-02 22:47:12'),('YnbACwR7gEe5mPbNWvHy0bILZ7111ti3VSdbsakA',289,1470340596,'2016-08-04 18:56:36','2016-08-04 18:56:36'),('YqVYMSVlBw7gCknHJvZVfoD4l0fd8WNg4aUTeSe9',169,1470005503,'2016-07-31 21:51:43','2016-07-31 21:51:43'),('ZeCYHdp04Rs5HSavAa6SOQxebnYnOaXgYOpUPFaE',29,1469763323,'2016-07-29 02:35:23','2016-07-29 02:35:23'),('zFHUSZ3UJgCXrde4DyojIUoAwWgWoCoiwlhEo4zC',122,1469918742,'2016-07-30 21:45:42','2016-07-30 21:45:42'),('ZGaZmCyx7uc7LjrgKDbfvlVAacaUNYp4mwS7zSpz',300,1470354903,'2016-08-04 22:55:03','2016-08-04 22:55:03'),('ZII0UWpxmvPt9nS8eIfAGAaQrwzijekxMxR8v630',316,1470799701,'2016-08-10 02:28:21','2016-08-10 02:28:21'),('zJkg4xb94Pof0gKJK6aKN5w7ebXv6MrhUtipiryc',111,1469915273,'2016-07-30 20:47:53','2016-07-30 20:47:53'),('zL6Q0b2sugqJAhCRGuzbL6COQdQTo975L2QdOT6Y',179,1470027238,'2016-08-01 03:53:58','2016-08-01 03:53:58'),('zlgYkcutF1ZQqGgK6a9Q8j0WSmDqNL4lJqVM0uOR',39,1469764325,'2016-07-29 02:52:05','2016-07-29 02:52:05'),('Zmhv9S6c08KHyierD8TZndpvYxDT4iFPbX9WXete',44,1469769280,'2016-07-29 04:14:40','2016-07-29 04:14:40'),('zmrsYAf3qgERUL6lnH0wjisFXNH5rk2szVyac5Xj',304,1470355728,'2016-08-04 23:08:48','2016-08-04 23:08:48'),('ZMW2IC71FZgUVdiXXEmuT1JI11Zgn6cUzRUQvjxe',254,1470203801,'2016-08-03 04:56:41','2016-08-03 04:56:41'),('znZZof9saZa12h4z1hXjVMuHsrLdYPc1kR5BBzNn',299,1470354814,'2016-08-04 22:53:34','2016-08-04 22:53:34'),('ZpQImPTdyFYRJr23fhgcYD8NuZ1byS4DGPMyWW4L',279,1470304490,'2016-08-04 08:54:50','2016-08-04 08:54:50'),('ZWf2eKPWvbA2rJl8Fo8CmqOuvhD8mHXWaKueAT1C',105,1469908654,'2016-07-30 18:57:34','2016-07-30 18:57:34');
/*!40000 ALTER TABLE `oauth_access_tokens` ENABLE KEYS */;
UNLOCK TABLES;

--
-- Table structure for table `oauth_auth_code_scopes`
--

DROP TABLE IF EXISTS `oauth_auth_code_scopes`;
/*!40101 SET @saved_cs_client     = @@character_set_client */;
/*!40101 SET character_set_client = utf8 */;
CREATE TABLE `oauth_auth_code_scopes` (
  `id` int(10) unsigned NOT NULL AUTO_INCREMENT,
  `auth_code_id` varchar(40) COLLATE utf8_unicode_ci NOT NULL,
  `scope_id` varchar(40) COLLATE utf8_unicode_ci NOT NULL,
  `created_at` timestamp NOT NULL DEFAULT '0000-00-00 00:00:00',
  `updated_at` timestamp NOT NULL DEFAULT '0000-00-00 00:00:00',
  PRIMARY KEY (`id`),
  KEY `oauth_auth_code_scopes_auth_code_id_index` (`auth_code_id`),
  KEY `oauth_auth_code_scopes_scope_id_index` (`scope_id`),
  CONSTRAINT `oauth_auth_code_scopes_auth_code_id_foreign` FOREIGN KEY (`auth_code_id`) REFERENCES `oauth_auth_codes` (`id`) ON DELETE CASCADE,
  CONSTRAINT `oauth_auth_code_scopes_scope_id_foreign` FOREIGN KEY (`scope_id`) REFERENCES `oauth_scopes` (`id`) ON DELETE CASCADE
) ENGINE=InnoDB DEFAULT CHARSET=utf8 COLLATE=utf8_unicode_ci;
/*!40101 SET character_set_client = @saved_cs_client */;

--
-- Dumping data for table `oauth_auth_code_scopes`
--

LOCK TABLES `oauth_auth_code_scopes` WRITE;
/*!40000 ALTER TABLE `oauth_auth_code_scopes` DISABLE KEYS */;
/*!40000 ALTER TABLE `oauth_auth_code_scopes` ENABLE KEYS */;
UNLOCK TABLES;

--
-- Table structure for table `oauth_auth_codes`
--

DROP TABLE IF EXISTS `oauth_auth_codes`;
/*!40101 SET @saved_cs_client     = @@character_set_client */;
/*!40101 SET character_set_client = utf8 */;
CREATE TABLE `oauth_auth_codes` (
  `id` varchar(40) COLLATE utf8_unicode_ci NOT NULL,
  `session_id` int(10) unsigned NOT NULL,
  `redirect_uri` varchar(255) COLLATE utf8_unicode_ci NOT NULL,
  `expire_time` int(11) NOT NULL,
  `created_at` timestamp NOT NULL DEFAULT '0000-00-00 00:00:00',
  `updated_at` timestamp NOT NULL DEFAULT '0000-00-00 00:00:00',
  PRIMARY KEY (`id`),
  KEY `oauth_auth_codes_session_id_index` (`session_id`),
  CONSTRAINT `oauth_auth_codes_session_id_foreign` FOREIGN KEY (`session_id`) REFERENCES `oauth_sessions` (`id`) ON DELETE CASCADE
) ENGINE=InnoDB DEFAULT CHARSET=utf8 COLLATE=utf8_unicode_ci;
/*!40101 SET character_set_client = @saved_cs_client */;

--
-- Dumping data for table `oauth_auth_codes`
--

LOCK TABLES `oauth_auth_codes` WRITE;
/*!40000 ALTER TABLE `oauth_auth_codes` DISABLE KEYS */;
/*!40000 ALTER TABLE `oauth_auth_codes` ENABLE KEYS */;
UNLOCK TABLES;

--
-- Table structure for table `oauth_client_endpoints`
--

DROP TABLE IF EXISTS `oauth_client_endpoints`;
/*!40101 SET @saved_cs_client     = @@character_set_client */;
/*!40101 SET character_set_client = utf8 */;
CREATE TABLE `oauth_client_endpoints` (
  `id` int(10) unsigned NOT NULL AUTO_INCREMENT,
  `client_id` varchar(40) COLLATE utf8_unicode_ci NOT NULL,
  `redirect_uri` varchar(255) COLLATE utf8_unicode_ci NOT NULL,
  `created_at` timestamp NOT NULL DEFAULT '0000-00-00 00:00:00',
  `updated_at` timestamp NOT NULL DEFAULT '0000-00-00 00:00:00',
  PRIMARY KEY (`id`),
  UNIQUE KEY `oauth_client_endpoints_client_id_redirect_uri_unique` (`client_id`,`redirect_uri`),
  CONSTRAINT `oauth_client_endpoints_client_id_foreign` FOREIGN KEY (`client_id`) REFERENCES `oauth_clients` (`id`) ON DELETE CASCADE ON UPDATE CASCADE
) ENGINE=InnoDB DEFAULT CHARSET=utf8 COLLATE=utf8_unicode_ci;
/*!40101 SET character_set_client = @saved_cs_client */;

--
-- Dumping data for table `oauth_client_endpoints`
--

LOCK TABLES `oauth_client_endpoints` WRITE;
/*!40000 ALTER TABLE `oauth_client_endpoints` DISABLE KEYS */;
/*!40000 ALTER TABLE `oauth_client_endpoints` ENABLE KEYS */;
UNLOCK TABLES;

--
-- Table structure for table `oauth_client_grants`
--

DROP TABLE IF EXISTS `oauth_client_grants`;
/*!40101 SET @saved_cs_client     = @@character_set_client */;
/*!40101 SET character_set_client = utf8 */;
CREATE TABLE `oauth_client_grants` (
  `id` int(10) unsigned NOT NULL AUTO_INCREMENT,
  `client_id` varchar(40) COLLATE utf8_unicode_ci NOT NULL,
  `grant_id` varchar(40) COLLATE utf8_unicode_ci NOT NULL,
  `created_at` timestamp NOT NULL DEFAULT '0000-00-00 00:00:00',
  `updated_at` timestamp NOT NULL DEFAULT '0000-00-00 00:00:00',
  PRIMARY KEY (`id`),
  KEY `oauth_client_grants_client_id_index` (`client_id`),
  KEY `oauth_client_grants_grant_id_index` (`grant_id`),
  CONSTRAINT `oauth_client_grants_client_id_foreign` FOREIGN KEY (`client_id`) REFERENCES `oauth_clients` (`id`) ON DELETE CASCADE ON UPDATE NO ACTION,
  CONSTRAINT `oauth_client_grants_grant_id_foreign` FOREIGN KEY (`grant_id`) REFERENCES `oauth_grants` (`id`) ON DELETE CASCADE ON UPDATE NO ACTION
) ENGINE=InnoDB DEFAULT CHARSET=utf8 COLLATE=utf8_unicode_ci;
/*!40101 SET character_set_client = @saved_cs_client */;

--
-- Dumping data for table `oauth_client_grants`
--

LOCK TABLES `oauth_client_grants` WRITE;
/*!40000 ALTER TABLE `oauth_client_grants` DISABLE KEYS */;
/*!40000 ALTER TABLE `oauth_client_grants` ENABLE KEYS */;
UNLOCK TABLES;

--
-- Table structure for table `oauth_client_scopes`
--

DROP TABLE IF EXISTS `oauth_client_scopes`;
/*!40101 SET @saved_cs_client     = @@character_set_client */;
/*!40101 SET character_set_client = utf8 */;
CREATE TABLE `oauth_client_scopes` (
  `id` int(10) unsigned NOT NULL AUTO_INCREMENT,
  `client_id` varchar(40) COLLATE utf8_unicode_ci NOT NULL,
  `scope_id` varchar(40) COLLATE utf8_unicode_ci NOT NULL,
  `created_at` timestamp NOT NULL DEFAULT '0000-00-00 00:00:00',
  `updated_at` timestamp NOT NULL DEFAULT '0000-00-00 00:00:00',
  PRIMARY KEY (`id`),
  KEY `oauth_client_scopes_client_id_index` (`client_id`),
  KEY `oauth_client_scopes_scope_id_index` (`scope_id`),
  CONSTRAINT `oauth_client_scopes_client_id_foreign` FOREIGN KEY (`client_id`) REFERENCES `oauth_clients` (`id`) ON DELETE CASCADE,
  CONSTRAINT `oauth_client_scopes_scope_id_foreign` FOREIGN KEY (`scope_id`) REFERENCES `oauth_scopes` (`id`) ON DELETE CASCADE
) ENGINE=InnoDB DEFAULT CHARSET=utf8 COLLATE=utf8_unicode_ci;
/*!40101 SET character_set_client = @saved_cs_client */;

--
-- Dumping data for table `oauth_client_scopes`
--

LOCK TABLES `oauth_client_scopes` WRITE;
/*!40000 ALTER TABLE `oauth_client_scopes` DISABLE KEYS */;
/*!40000 ALTER TABLE `oauth_client_scopes` ENABLE KEYS */;
UNLOCK TABLES;

--
-- Table structure for table `oauth_clients`
--

DROP TABLE IF EXISTS `oauth_clients`;
/*!40101 SET @saved_cs_client     = @@character_set_client */;
/*!40101 SET character_set_client = utf8 */;
CREATE TABLE `oauth_clients` (
  `id` varchar(40) COLLATE utf8_unicode_ci NOT NULL,
  `secret` varchar(40) COLLATE utf8_unicode_ci NOT NULL,
  `name` varchar(255) COLLATE utf8_unicode_ci NOT NULL,
  `created_at` timestamp NOT NULL DEFAULT '0000-00-00 00:00:00',
  `updated_at` timestamp NOT NULL DEFAULT '0000-00-00 00:00:00',
  PRIMARY KEY (`id`),
  UNIQUE KEY `oauth_clients_id_secret_unique` (`id`,`secret`)
) ENGINE=InnoDB DEFAULT CHARSET=utf8 COLLATE=utf8_unicode_ci;
/*!40101 SET character_set_client = @saved_cs_client */;

--
-- Dumping data for table `oauth_clients`
--

LOCK TABLES `oauth_clients` WRITE;
/*!40000 ALTER TABLE `oauth_clients` DISABLE KEYS */;
INSERT INTO `oauth_clients` VALUES ('appid01','secret','MyApp','2016-07-28 22:26:36','2016-07-28 22:26:36');
/*!40000 ALTER TABLE `oauth_clients` ENABLE KEYS */;
UNLOCK TABLES;

--
-- Table structure for table `oauth_grant_scopes`
--

DROP TABLE IF EXISTS `oauth_grant_scopes`;
/*!40101 SET @saved_cs_client     = @@character_set_client */;
/*!40101 SET character_set_client = utf8 */;
CREATE TABLE `oauth_grant_scopes` (
  `id` int(10) unsigned NOT NULL AUTO_INCREMENT,
  `grant_id` varchar(40) COLLATE utf8_unicode_ci NOT NULL,
  `scope_id` varchar(40) COLLATE utf8_unicode_ci NOT NULL,
  `created_at` timestamp NOT NULL DEFAULT '0000-00-00 00:00:00',
  `updated_at` timestamp NOT NULL DEFAULT '0000-00-00 00:00:00',
  PRIMARY KEY (`id`),
  KEY `oauth_grant_scopes_grant_id_index` (`grant_id`),
  KEY `oauth_grant_scopes_scope_id_index` (`scope_id`),
  CONSTRAINT `oauth_grant_scopes_grant_id_foreign` FOREIGN KEY (`grant_id`) REFERENCES `oauth_grants` (`id`) ON DELETE CASCADE,
  CONSTRAINT `oauth_grant_scopes_scope_id_foreign` FOREIGN KEY (`scope_id`) REFERENCES `oauth_scopes` (`id`) ON DELETE CASCADE
) ENGINE=InnoDB DEFAULT CHARSET=utf8 COLLATE=utf8_unicode_ci;
/*!40101 SET character_set_client = @saved_cs_client */;

--
-- Dumping data for table `oauth_grant_scopes`
--

LOCK TABLES `oauth_grant_scopes` WRITE;
/*!40000 ALTER TABLE `oauth_grant_scopes` DISABLE KEYS */;
/*!40000 ALTER TABLE `oauth_grant_scopes` ENABLE KEYS */;
UNLOCK TABLES;

--
-- Table structure for table `oauth_grants`
--

DROP TABLE IF EXISTS `oauth_grants`;
/*!40101 SET @saved_cs_client     = @@character_set_client */;
/*!40101 SET character_set_client = utf8 */;
CREATE TABLE `oauth_grants` (
  `id` varchar(40) COLLATE utf8_unicode_ci NOT NULL,
  `created_at` timestamp NOT NULL DEFAULT '0000-00-00 00:00:00',
  `updated_at` timestamp NOT NULL DEFAULT '0000-00-00 00:00:00',
  PRIMARY KEY (`id`)
) ENGINE=InnoDB DEFAULT CHARSET=utf8 COLLATE=utf8_unicode_ci;
/*!40101 SET character_set_client = @saved_cs_client */;

--
-- Dumping data for table `oauth_grants`
--

LOCK TABLES `oauth_grants` WRITE;
/*!40000 ALTER TABLE `oauth_grants` DISABLE KEYS */;
/*!40000 ALTER TABLE `oauth_grants` ENABLE KEYS */;
UNLOCK TABLES;

--
-- Table structure for table `oauth_refresh_tokens`
--

DROP TABLE IF EXISTS `oauth_refresh_tokens`;
/*!40101 SET @saved_cs_client     = @@character_set_client */;
/*!40101 SET character_set_client = utf8 */;
CREATE TABLE `oauth_refresh_tokens` (
  `id` varchar(40) COLLATE utf8_unicode_ci NOT NULL,
  `access_token_id` varchar(40) COLLATE utf8_unicode_ci NOT NULL,
  `expire_time` int(11) NOT NULL,
  `created_at` timestamp NOT NULL DEFAULT '0000-00-00 00:00:00',
  `updated_at` timestamp NOT NULL DEFAULT '0000-00-00 00:00:00',
  PRIMARY KEY (`access_token_id`),
  UNIQUE KEY `oauth_refresh_tokens_id_unique` (`id`),
  CONSTRAINT `oauth_refresh_tokens_access_token_id_foreign` FOREIGN KEY (`access_token_id`) REFERENCES `oauth_access_tokens` (`id`) ON DELETE CASCADE
) ENGINE=InnoDB DEFAULT CHARSET=utf8 COLLATE=utf8_unicode_ci;
/*!40101 SET character_set_client = @saved_cs_client */;

--
-- Dumping data for table `oauth_refresh_tokens`
--

LOCK TABLES `oauth_refresh_tokens` WRITE;
/*!40000 ALTER TABLE `oauth_refresh_tokens` DISABLE KEYS */;
INSERT INTO `oauth_refresh_tokens` VALUES ('syKl8MYyLU47zcdvii5DFDUuk9A1InxssSNGGMsD','12o9HwhP5I9wTb9AAD9hEVR9981h2OuQgt9euHCA',1469975444,'2016-07-31 04:30:44','2016-07-31 04:30:44'),('sO9e5TyENRlZCBsO5Dl1DNSmPzzN89uDX4jB101G','1K4O1ETYqPIEBPmuBEy1L1gS9jrKT6yFMZJnKyhv',1469893396,'2016-07-30 05:43:16','2016-07-30 05:43:16'),('VnLcGhwkEY9FLEBfzeNMExHdtc4z4w8AFTrtG0kT','2eRaHLmSgJSA8xw3OFwIMr37ManiF18hqzYTBOEH',1470835683,'2016-08-10 03:28:03','2016-08-10 03:28:03'),('wfqexsz1qfnvUfnpjGqg8MIBMNRPTkYXMcps8uMx','2F86C4ZlXgTgV1URAuy5eZiQo46YBTpdUtBTtNGf',1470125521,'2016-08-01 22:12:01','2016-08-01 22:12:01'),('suyGO3wZihJHQbyiMy3pEoBidgez9PAYJ0NMVlaP','2m0LGylZvCzbVtF70JK3YBXaz2unsO3O71p5dY7t',1470212742,'2016-08-02 22:25:42','2016-08-02 22:25:42'),('Xes4VJbPiKPj2jPFTopAyd1QOHajcpBSS39SRwom','2RomkKv8lg0KSOYp4qYrSoUCbIDcUde93y5vCRql',1469816223,'2016-07-29 08:17:03','2016-07-29 08:17:03'),('G24r09QBKYTVPfH9PlLCvpzbQtZb0rBuUk55KblO','2TOP4MivUc88nWDMRvt8YUlWMay0v0LuAYAFAWmw',1470070026,'2016-08-01 06:47:06','2016-08-01 06:47:06'),('zWHpS80M5MUAZW52ZuspKnJikJWt3ztXwLWqKBJ7','2vKWpdZMlDiEq7iQhgeVP1O62q8RW7z0Ev7Pnu0y',1469940839,'2016-07-30 18:53:59','2016-07-30 18:53:59'),('eUbI5DAe67UMsBfTQYKBjN4XY9NgyB7ctdo8qk2I','2xobO86jUXlOqMWk456K0BPQotsTdNb9o8TFXPeJ',1469866095,'2016-07-29 22:08:15','2016-07-29 22:08:15'),('EFhI9xVy3594qOcppRymHOq2vs9Pe3PYTtrUKb0w','2ZoxE7fAVlZYflzPl9EvmtFrWgFPk62Pz9TSl8DQ',1469814501,'2016-07-29 07:48:21','2016-07-29 07:48:21'),('ydo6bBmK8NYMTU2qTX3AgvfnharZJxnIugv5RSjb','36RmveUu7SGvtn3dvi0qaaJ5iKh2UkXlT9L0H9uk',1469859668,'2016-07-29 20:21:08','2016-07-29 20:21:08'),('DhsPQwPNtfWsXZM7cocERellEyzvSxlPscpX2ElO','3VRkPMbTssp3mdaQgCcEioJpmmsc2lveFxVRuYPN',1470059637,'2016-08-01 03:53:57','2016-08-01 03:53:57'),('R4EsAF9EDE8yLO6puzbmhLLIkwkkc3GqR1ppqe89','3ZV3enCl6tx7GDxzHTeADODXJz6gXQjcUTfYYb0f',1469856585,'2016-07-29 19:29:45','2016-07-29 19:29:45'),('UjTnPrgNRaMDVNoA8q2NhLHS4yzfKJhEtWTEUuFG','43W4yLmvZiAdwsFsCuQecSZJ6VdXEbrgbzXfS0j3',1470159737,'2016-08-02 07:42:17','2016-08-02 07:42:17'),('Nw93dTWRGbsTdj12rcMtDdbHmTiSFxYqzv8ihCmq','49heYKXP1YBPY04y3dxx0JJUYQDOhXU6f8brEHCg',1470159736,'2016-08-02 07:42:17','2016-08-02 07:42:17'),('z51tcdqHT2UcoKjBA5qS4HxZN54mLloGP5Jbebfi','4aNeChcNuzsPI5M1Vnlqex46nJziBypsDXxBLMkt',1470037696,'2016-07-31 21:48:16','2016-07-31 21:48:16'),('KomZm0tJ5GktLbq9e1fyeTADzAXFT00TeMdVzvXz','4ECBxhPlnFvtVILuFnUEht9hlDIT0mIGQsIUqmie',1469948547,'2016-07-30 21:02:27','2016-07-30 21:02:27'),('3LRfjmlzFIWlEinVn7gItvTtXrdgFMHtL5oKPPKR','4mXvakAgfuz61epNmKqKCf5U1Kkjws5iQ9h1Mc9c',1470114266,'2016-08-01 19:04:26','2016-08-01 19:04:26'),('WQzkHXdIRqKPLWr6oI5MTcgXeP1hUnMREATjpTcL','4qKdMgaRK8o30xV3k2a255oRwlvGBeFxQyVdp8tW',1470023097,'2016-07-31 17:44:58','2016-07-31 17:44:58'),('fOA1Sqr164Y31Lhpr0qL8cN1ilX70pc29NjtJUlZ','4WB8OCYtH2DRYZGKpsA7jeHdp92Lp182ZmUAiDe8',1469904152,'2016-07-30 08:42:32','2016-07-30 08:42:32'),('Elsvavm1TDd8Khb9qxMultO8ed3W8AzmDzkwMqDy','55Luckp2tcxlIeOYkkJDRcNTXTaAO3vc7dnD7udR',1469983016,'2016-07-31 06:36:56','2016-07-31 06:36:56'),('LESyCRZDVqHOm6ir8Tj72DfIIM3uHljQ0jG3LVGg','5POfLaIPG9Qu0rGlTLpdfHVUyy0loUCydGNMa4pp',1469984913,'2016-07-31 07:08:33','2016-07-31 07:08:33'),('GlSugAZdxGhueCzQDZRtCmdpWAWhFLt280wx0GkF','5PUPnFNKodwG02iujbP4arhgyqe90jCx8E6r5oQJ',1470712355,'2016-08-08 17:12:36','2016-08-08 17:12:36'),('AM033z8bvrOW0VbZy5t2gMfV3gZ8KU5olLEkXxPg','5rtT3F4K3VrLKY4Ci1ZcpYszRos5JTgx104rg4Tt',1470831679,'2016-08-10 02:21:19','2016-08-10 02:21:19'),('NaPjV7GiKqNZHrsqNkrs8ckaiWWLXemUDC8zswCu','6I8Oi3MPzeCRipjn7vuTrJhqzXtSMNkIkMPpdSdW',1469984509,'2016-07-31 07:01:49','2016-07-31 07:01:49'),('h8LDlqdIvbXr6iSRyF37yIizfRtnZDnegWP2k4Sq','6lUXpkBWKElJ246i4zJKu6aTkkT23qFeiYsTt2eq',1469796359,'2016-07-29 02:45:59','2016-07-29 02:45:59'),('hUixWBonlMihAUiQh6dLgWzl4pluvjrkYH6N0dPj','6Mg2qSDkqx5Qpciw2AfUrNj2jFM4nC61VhJ0wd7b',1469949210,'2016-07-30 21:13:31','2016-07-30 21:13:31'),('pL68rryJi7tKu3Pj6oX1LkYOeZCXsDMTboRHzNwr','6pISKtKdv6HyPNgpIeCYxJmQF41Gpc4s1bEsffHl',1470316813,'2016-08-04 03:20:13','2016-08-04 03:20:13'),('QLrp2GsuvvAbXjWoJ4G2eMwJ6ZlgUmL1prANJ0t8','6rmRndfOFH7SWJXlvegqr3j5D53oeRf8eXZ4G6dM',1470125106,'2016-08-01 22:05:06','2016-08-01 22:05:06'),('S3hFkXZ257jN6Yu0hYkJ4Vp88cXpAfsaOuE2m6Ta','6sDgHG2pGqFYxzF84dnAEYNUz06U3vxiDwukzwiD',1469795569,'2016-07-29 02:32:49','2016-07-29 02:32:49'),('SIws91ep8yxX3P2AYlQJoCgGuze3h4eVJyj7epws','6wxJyPKIdrJtBuMY4ELd7KwqhVLwovJo1z2XMuLo',1470917641,'2016-08-11 02:14:01','2016-08-11 02:14:01'),('eSCrW1F57BGKpXGwg2t6H5cAFYRGPlb7p66GRSgv','72nW7dE0zN13fwS7owAaxQsIToIFgfWxt5e4r1KK',1469796183,'2016-07-29 02:43:03','2016-07-29 02:43:03'),('TU5AChXSjCZd8iwjeqwNDLthSGJOMym9KTQxanpy','7JcwOdy0ymEQwKrjcPBDObVOhN23y7cpSkWQxG2M',1470067140,'2016-08-01 05:59:00','2016-08-01 05:59:00'),('a8pMd9OuQaHZGeF6Lgjc3A1WfdcdBhewo8f0iwcC','7jV6eSgzfFBOGtiWz9XsBD4Z9rpTg3yEdtn7BOBi',1470067981,'2016-08-01 06:13:01','2016-08-01 06:13:01'),('1MItDahzsvv0deliGTLo98vNaXod9GuV05Dy5MQu','7kIc8googkgAUErzbFKOaUFu9SHdJxYWTdddjkSg',1470020304,'2016-07-31 16:58:24','2016-07-31 16:58:24'),('nqvzkpex84xcXW0FndU5lLxZWJDMxtgU6VMpch8n','7RvJXQTwQ46sd4HEQcbDu47q91OOf1z2DXJFns8j',1470149531,'2016-08-02 04:52:11','2016-08-02 04:52:11'),('JEH9pZV9A5BVjMoereHeWpGaabNyayjSDYmnKMn1','7T6zLcjlmcNATsiuk5tTKWTI3CUHB8hZycYXWFgJ',1469948116,'2016-07-30 20:55:16','2016-07-30 20:55:16'),('8dl8X5c0l1l7XYacfrCxsnzTyrnp16VdZlaRJZB9','81OwHbYcbQ6UCeAYN3kN70hcC40hH9aigphDYwgz',1469796071,'2016-07-29 02:41:12','2016-07-29 02:41:12'),('xBjBkwuoDxPTE3NreOl5VlZTCOAh30085wPK52pj','83cAuojGfL6qUTiIbqXI92sD6gJ9MeYcnekEAYaM',1469949702,'2016-07-30 21:21:42','2016-07-30 21:21:42'),('0aLwIq8Wpg9fz3GgdEi4HjQ2o0l4WMiXHmwjmN4d','8C0qLDe2tuEqr8MYzuJnIsyz1LdQX7M0pvetFqCx',1469954859,'2016-07-30 22:47:39','2016-07-30 22:47:39'),('OAAcQxwgORxP1A8qip3Tsk8Jt8thLml8iKGMB54e','8NZNu5LmpZegwe3bz3MsmZncIoLqEUDK8laGUZEO',1470059255,'2016-08-01 03:47:36','2016-08-01 03:47:36'),('dpqrpvEbNBhyDUxTWkynjrOluLEYeofF4X1Awxxv','8RERlL3zmU5Xp6A2hlMPGI394oQ4KNz9JL0va4fc',1469867067,'2016-07-29 22:24:27','2016-07-29 22:24:27'),('Z097XjWNabIrMfSWOf2KEiUkZ85IPoZFOPwR4Wgq','97f45JfeNVJUKhGKGwV3uKazz9Ap6g7lNKTpXNme',1470325904,'2016-08-04 05:51:44','2016-08-04 05:51:44'),('7jtqTXdAXXFLoy4YsZRSEPYF3py0yuAZgMQEoAwj','9FBJjK9ANymhuf7TwMQt45i2CUpznF4Mt4SYyULF',1470336373,'2016-08-04 08:46:13','2016-08-04 08:46:13'),('Z4XA2romA25pFVzSKKXVPHJhWRBrELoamX9kFRAI','9KmcbFyZmKBeUa63o98cWnJkSXkKpDITCMDVP8S4',1470114294,'2016-08-01 19:04:54','2016-08-01 19:04:54'),('rPfNtlqr88nueoYu1xKljOTigKt7od5LQSg3vRxm','9lnHX5rbBua4dHab6fhlcaJE6IYbR9P8x3Uh3IWs',1469795212,'2016-07-29 02:26:52','2016-07-29 02:26:52'),('PeenF7k4VUlMvvZIYqqdXNmsjw2NQjOzUN9n09Lr','9OmU2Q9ETvW9rk6QhCxiHqeO9ZAwETVmCxzikLrt',1470069763,'2016-08-01 06:42:43','2016-08-01 06:42:43'),('nxwgxpVpjukrJP1Uuzh1DOcyJYHTx9EMYP1Zm5Nh','9oxQen18tAYhtGTaoc0uNVKHQWu0HrQX4txHDqRH',1469877112,'2016-07-30 01:11:52','2016-07-30 01:11:52'),('AW1hyTy7Yhmqfgx7pJ1xuce5lJj5ez9kH5PJ1Zn5','9QmuzMV1PqUUxlQp9VKVDZInoz1lgnfX3NtcgU3Q',1469947616,'2016-07-30 20:46:56','2016-07-30 20:46:56'),('dWP0klT1AWH4V9KMMx4qWzXH7S277DG8jYKAvEMn','9Sea72rsLxC22jFVcq1Jw7QpBUlpTLVIi6SHm41v',1469947778,'2016-07-30 20:49:38','2016-07-30 20:49:38'),('IqAYEY7mG10v9QzjLYP3uunBE6A5mKbTAbkYcQpw','9WbXtWUn2VmX2KElWMVRPFmaQ28TsR0qKvcsdCpD',1469798182,'2016-07-29 03:16:22','2016-07-29 03:16:22'),('MYMOJMva3xYrvh4dpKlOOlz01OGY997npcBpOwLI','9y2mTIlI21gC1cuXHsdnaZzNElaZj7jXkaRS6mPg',1469982468,'2016-07-31 06:27:49','2016-07-31 06:27:49'),('8elexokXzZCV4usnMsOL7Ga54Du0l2l0zdDXQ5QT','A0imkxgyezRvS89lBD2QNPkrXoMdH8GExOKax8k5',1470337194,'2016-08-04 08:59:54','2016-08-04 08:59:54'),('Z7xw9t1HTU1lQot1g3e5pEzNSFsFD36I2SBbvfCN','a26MlSmCgaeRckv3RczY8gqMvClRHTrzIDJ9tPH2',1469891287,'2016-07-30 05:08:07','2016-07-30 05:08:07'),('J45Ii5CpHwO9RCsLPlfHMAM3a0L3KeJJSyCAKq4D','a7AXKCCKKGPlXCY0hOiBSeqfd9MdfG3LmkY3bxsv',1470712791,'2016-08-08 17:19:51','2016-08-08 17:19:51'),('qO39gwje6SMygDeTFYo9yWtrGoWiUfeUKFYeT3Oj','a7hwwhSWDPU7g5ab7XSVzwPGsyRDyN4uJKDAQ7qm',1470212742,'2016-08-02 22:25:42','2016-08-02 22:25:42'),('KqPIeWK4cZEiqpMe0Y205LERu1iUCnJu61QPRKmx','aGDYOmfxS1YO8HiketdPaP27gUHnzbN6QJvblodS',1469899966,'2016-07-30 07:32:46','2016-07-30 07:32:46'),('gADhtE6mUjgH7jqxLdq7MrnWn56GW7hMSEkc831U','AmTxLPdWAYXhkJb8f07QSWx87DxRhXGHvoLv2vWN',1469812306,'2016-07-29 07:11:46','2016-07-29 07:11:46'),('vTaCLgzVyUUGwqu88xSexzi20JF8PlPXGtFydnsQ','ANoHoEBtOK8Rn95UhwMJp4oWboAXBvQWEriYo4Oi',1470918713,'2016-08-11 02:31:54','2016-08-11 02:31:54'),('hwV9PV4kPktVSSC2s2S5loOJNiewSurawdicFotx','aOD7NOw65YBE9XQFdzQ7gQWdSkf4eFf0NT9lf0pN',1470114250,'2016-08-01 19:04:10','2016-08-01 19:04:10'),('4Yz5WGH7hIe0IpgxSypZd0HaL9Y5pCefWjHsgrCU','aprwJaZbd6f9sats5FPpCS0VTXtxOwEH5iNiPrUw',1470298575,'2016-08-03 22:16:15','2016-08-03 22:16:15'),('DXxUJmruIiUkwfUJQFuGXwE5nl1Hro3rYni5HQ0f','apxdh7NIadboRdVzpx0fgg4QxtRUReB3qKJ7RKsg',1470917980,'2016-08-11 02:19:40','2016-08-11 02:19:40'),('9LTfrv55YZ9jk8QM0UILM8wqWTLT2T2qq9guQHjY','aR1dS4C4K2aPxVlSoqXGHe6LsdZ24isqArwcrJ3T',1469796767,'2016-07-29 02:52:47','2016-07-29 02:52:47'),('WAv9lU7Um1zs2BFwSBeXq0IlB5IJvpRAbVnd3BZh','aURfdgR5SoUS6znVIu7yQ93UjhVgphej3LBQsV4R',1469903916,'2016-07-30 08:38:36','2016-07-30 08:38:36'),('Y8llbexcFUkoq90huToJ24fGKlQHDBKhzyAiOA11','azIxjRU2xFEd83OZJCQ9q5WJrOsV0RjG31PEOEsH',1470212836,'2016-08-02 22:27:16','2016-08-02 22:27:16'),('7xAvlH6viSXTbRbWQC79oFTe9ni34FpKcgHSV7QW','B56PJk0DJ4zIN2nb9tqQ8eLBWrSG9DW2nIwg0vZH',1470058110,'2016-08-01 03:28:30','2016-08-01 03:28:30'),('7mM7tVgoYp303AeOX4h2vAdswfkgnxzSw0WAEiAZ','BcJkQhEgsd5W2hNledbm8MFaFVMrUvITG7ZVIOXM',1470384295,'2016-08-04 22:04:55','2016-08-04 22:04:55'),('ZhiIO75T94qhNL8KBXtHqGhEiOoR4D8MsvMrpBqg','Bdg10w3vZW1CQ6FN9kuNk6QqWmf8DQTo806g3Abe',1469865830,'2016-07-29 22:03:50','2016-07-29 22:03:50'),('VxH3t3xUtyzL0n7rRKoNEjC3Q1LWWSbHaIpz6bvW','BHQMRxtqEGjHNHHBWnTZQAzFQOfiyvlxwkQicoK7',1469806756,'2016-07-29 05:39:16','2016-07-29 05:39:16'),('990ZxWM6qx3VoM4TzJd4n3wWlp2BV8na6HTqXB5f','biH09KKtK3e5UAZdw937oocR5EzH0tCJVXjrEwAC',1469795674,'2016-07-29 02:34:34','2016-07-29 02:34:34'),('LGFwvyjUZiOJrNVkrinuexDY5ERJskhtM0JpIgNq','bIXs8DNfVMaXH550wmsOF4zLY6jJQi07exXwNKov',1469781325,'2016-07-28 22:35:25','2016-07-28 22:35:25'),('EeLMD4hr5mKrKzLgVraFWQnbLBw97AWuTwV3t8LH','bLe8LzO1DHaYkHozvqSzqJ1TKWAljRaXORDc9lda',1470162990,'2016-08-02 08:36:30','2016-08-02 08:36:30'),('cS22ZduaoejkNUDi2Pc90YCFNoDB7HSUdWj0VLDg','BNTaqQVKUsa4fralz1YGoa6ieHRr5ibVTrMwUYmo',1469812792,'2016-07-29 07:19:52','2016-07-29 07:19:52'),('e4XgJpMJ8ApgDbvSMwvE08o5CSMcAehUuUApoScO','BOOhiy1G8oreaUH4XJGqf1eSEXRtNEcWGl1nsGid',1470023096,'2016-07-31 17:44:56','2016-07-31 17:44:56'),('e18p6OjKn0nVPB85kesk6m0xYf1IAfq3lWjcvIvF','Bp0v5EPRidIUmqhIODiW63KE3RWTQseCALqdAgk9',1469877125,'2016-07-30 01:12:05','2016-07-30 01:12:05'),('Bfg53tSqQXamiAzIozwqrWrypzYvEWMmiiVPB7oH','Bq2hxdAwJOtQfamgqxY6kW1RBLie95Vfy08l4bcv',1469795071,'2016-07-29 02:24:31','2016-07-29 02:24:31'),('SPKZMnjAPPAKyFiEzYJeoTkyDin4riP7DqIrg4a8','bQzgTlefdbEZkv4CM3NblyAK0T4ihFH8jlzo4OnV',1470049624,'2016-08-01 01:07:04','2016-08-01 01:07:04'),('aTb3WzqKWo30JVix7xeXKHouNof1fgj3fETlqWd8','btK2UuRJEm4WEgR9fjzUutagsed50stxOptzMG09',1470384256,'2016-08-04 22:04:17','2016-08-04 22:04:17'),('N089fn7uH3UddBNi63FaQiZBpQBtMo0WtlOIyhtc','bxHQe2m25dq080f8lEOVGJqLzRKN4TKnauqOwupo',1470065237,'2016-08-01 05:27:17','2016-08-01 05:27:17'),('ea8GDLhjfOPSmTzvDHRzNpy9ecR2TDZbVu0k3qbc','BXJPBTxKEFDMxD5cGBM8vCpkh7AesTmpjGXGEdRE',1470135942,'2016-08-02 01:05:42','2016-08-02 01:05:42'),('S1CWRnp6nb8yYt445Zae8hdhNxd6WOB8XIZFwMbb','BZIlCJrKUqGSrCimzjMHn8PxWlVu7eCkwNIPQzvC',1470022579,'2016-07-31 17:36:19','2016-07-31 17:36:19'),('F3wz3ndhws3bvHjb5RJ4nHAnyHlWKaaMWAdlt7h5','c3jjs7AuZsHOLEj3TmU0TDesUsBLCzzY3uolStpn',1469794528,'2016-07-29 02:15:28','2016-07-29 02:15:28'),('O8OigZ6emhX5HBFV6KqB9hTtyqFq2XuNtrhMqoZQ','c43eogV3SX4layPVXpblIgZmxFyjkHohHKSqpieB',1469788788,'2016-07-29 00:39:48','2016-07-29 00:39:48'),('Rbu8gaUCrEQ955o3SMxhU67RmJz0QdeiWEoQfUDF','ca5sqSBbk3D6T7Bz6wAO14KLYrjPAI4H8Y4d7Hjb',1469948453,'2016-07-30 21:00:53','2016-07-30 21:00:53'),('mrtCCmnuq6qawc4fWLfbVzofybPcKFCAzMOjUNZ9','CaFX2l0QP6tTJYqTeCdd2uITC0aTXz6reRTyOARH',1469795991,'2016-07-29 02:39:51','2016-07-29 02:39:51'),('wMDpLib0ShtcrUQrBSN4Vy2cCOsJBm7StqxLaWdg','CEHlIQ0jMjZbKlJVioAFuf3PqYEjFztPo8hz5cbO',1470068308,'2016-08-01 06:18:28','2016-08-01 06:18:28'),('LGu8glbea1nPLNDDnfg4cZvjtIN5PsjT8i817aUg','CJosrjii6uMarKvOPQSfMtYlAhYY3nvzqkwikJV6',1470383823,'2016-08-04 21:57:03','2016-08-04 21:57:03'),('224LfSv36FjmI3352Gk04DAbFwEHHbFEw2dnCB2b','cLIZkfA9Rl7qNUWqB8GHqZzpIKpsUMBCRQ1zt4ua',1470114249,'2016-08-01 19:04:09','2016-08-01 19:04:09'),('D85PKHc4CAlTlBaI72r45BTgkUnsOA6qIAPPKhIX','Cn1bm9bk1yQYidLcC9EXpYFozZPlWJcerKvRRwV1',1470738146,'2016-08-09 00:22:26','2016-08-09 00:22:26'),('snPrE2dLZV4HMthvgVSFMoB7pb3AkD2ws2UuIBCQ','cslXrKx1GqYo9WZh17ysDTfe2a8bY4hp6XTHz4Ua',1469784184,'2016-07-28 23:23:04','2016-07-28 23:23:04'),('FCQMTcqJxD9Pwi8pdrDBM1TgORFqewA3RXKol02D','CvGUa9VvxX8oB8hwtE7bBlItlmKMEbLKj11BdifR',1469974284,'2016-07-31 04:11:24','2016-07-31 04:11:24'),('xRHJz6wnG7zK7eLk251XzWZxoYIPjqVl7tbYHtmS','Cvze1P7ah5FW5L4pacrGoHe8UFSI4X3W4b8agcn5',1470155203,'2016-08-02 06:26:43','2016-08-02 06:26:43'),('RGNhddCL7pYOIcVyedjTXVQXAUh4e1lTZ6wo8tSF','cWE204PXFJinLty7WnnmFgxMzherWAOR5IWO4dTv',1469956068,'2016-07-30 23:07:48','2016-07-30 23:07:48'),('NfYRoBHoyczTnV49VK8E9ezu7QrsIwjj5m39McqA','cZwpYYL1ON5oz7ojLwkDvhFLxuW8gSzWLXfJQNVL',1470712005,'2016-08-08 17:06:45','2016-08-08 17:06:45'),('LYLR0l6CW3lk5bacFSf3Pi1dPUm91tA8FnWQywrb','D1aB5uiFEMayRRrje9PNamQ9ghjQnXZBgLvbqr7G',1470232586,'2016-08-03 03:56:27','2016-08-03 03:56:27'),('j9lEGppmDhAJMYKxuRd107SQgYYay7KxyqgaDkhX','DdYjbwsGayO4GwQWkQgnTkh53be6UcZWBMMYCmeY',1470250672,'2016-08-03 08:57:52','2016-08-03 08:57:52'),('GiWfl8cYDrxngA4w9SadlaSRy7q4tlyx7Doa7CMI','dqnCDtLzTV16p5nWFSuZKhpiuMDHdyPyYWHylBrm',1469990645,'2016-07-31 08:44:06','2016-07-31 08:44:06'),('i39lzEt72xhuyiv59RmRfRkPrQc1SHITu7X72OUv','dtaor60ZHqJ3Qa8SsDh8ySp3EBMGrKD7XxGjkDWO',1470298662,'2016-08-03 22:17:42','2016-08-03 22:17:42'),('yI7mOSCtdmRUPokGUubJ8aEzeG8PX9fQ3eQknclB','dyGsLfrq2ojP9XVXBEywPvZ33Zbhl6WrfhIlKDBT',1469812532,'2016-07-29 07:15:32','2016-07-29 07:15:32'),('MA5g4y8gG9oEf2FvH0lWuxEYOXtg3kVobuDuklpY','E3Iv6LPpCDHMphe5oKVsRCkg6C4fj94Olp4zkNOr',1469795728,'2016-07-29 02:35:28','2016-07-29 02:35:28'),('lJ2KU7yJBNjziI15V3mDPdKhGOCxbLkAvlRKUFPv','E3MFB2UQFhxSwpX6mBo4VRBG6zwt74piaWdw7OhZ',1469951168,'2016-07-30 21:46:08','2016-07-30 21:46:08'),('hUp4szQZOYWr77WulRrE63Ie0L8HKZCiejNeiyTb','eBw8BesUIVRWbDBpo4n6zVTxGu5nO3X97JjXoyrH',1469873376,'2016-07-30 00:09:36','2016-07-30 00:09:36'),('eRogopsCPJEmXcNTsUQeCzO4Gcen0Vs7lcNofTgJ','EE4WhmmRQd5CqTu3mvP59NRenMGFEQR4qBIgl2Ij',1469878825,'2016-07-30 01:40:25','2016-07-30 01:40:25'),('TB6U62PUW3lNtr3zRP2euvRj8T96EJ10X428Od2v','ei1qOIPeeZodrysql3gAbbN8uJxw3f83ehkiZfYx',1469982535,'2016-07-31 06:28:55','2016-07-31 06:28:55'),('NQ7mtp3cCWMPwPRcgq61UCmKKhU72caIhW3yMoPL','eptzLPmEQ7WS9RsNVO6XB4Ep20jnOkJNkDeJjDk3',1470918599,'2016-08-11 02:30:00','2016-08-11 02:30:00'),('eF30EdX8rzWOQ4D6900PX3PfAL49lZXjilpzmNs3','Eq3gSxJGb2bYpBeQvvRwiJo7SjZVJJz2NmdEkddu',1470336152,'2016-08-04 08:42:32','2016-08-04 08:42:32'),('sG410c4JNroQVwERKBTu7SfFtQZVkeAPXWwp0XtO','ERHfDkbHQNWnj9o5w0eKRlsxWaF8JQqSG6494Qxv',1469947645,'2016-07-30 20:47:25','2016-07-30 20:47:25'),('k3WbsjFNA63zWPSBxqnczFU1qlQUw8cpipe5wEII','erm02n924iHuRPVAIW94p1oRgHMPZTd9kA1TkX3f',1470123689,'2016-08-01 21:41:30','2016-08-01 21:41:30'),('Iq4Vy2LrlhdCbV2iZuLMlWhv12PAr0RtTrwikiwX','ETCUkPvfbC2oymRQ1ViIHsSrZ5hxku4xB9MFNpSr',1470336742,'2016-08-04 08:52:23','2016-08-04 08:52:23'),('Ql3M1wfQnqpR2qp8hnoGPgBkgBOmYipD0Y3ziv6W','eWQNb4ArBb7hYpX9KDzXT87Z90tRe1rNKGvD6ipI',1469974178,'2016-07-31 04:09:38','2016-07-31 04:09:38'),('ldrA9qE79Tw07whKShmw4VoiZ3K1P7InQIvL1n5X','EWXhkuwhJ9wnyCDXbr8mTN3nW6yEi90egH25BUhC',1470247048,'2016-08-03 07:57:28','2016-08-03 07:57:28'),('PQTB8CaYH3mRALjPUkn5VzztpbZFp2ebnsweqlgB','f0hRGF7HC37MqUlddGvN4uWa1oV4ZvxrGf1V8L3e',1470127671,'2016-08-01 22:47:51','2016-08-01 22:47:51'),('yhDVkoD0pRNNUXZChL5RVolNtHGScwEhN1PflPrN','feGqn0riUupPnYhjc6mnH5iTUyIpzHg29pXncz5j',1470067490,'2016-08-01 06:04:50','2016-08-01 06:04:50'),('Ap00nCWWawrUs9zCqeqKlwYEW0cies2yFFSAGos6','FfOZp24geCiKvJnqQg9ZUoALYlBvQb0VXDrzh9Fr',1470127239,'2016-08-01 22:40:40','2016-08-01 22:40:40'),('7qgHeHtjtgsCGs8uGwAYPINjUleSNpD4fe29aQSZ','Fk3lAY7s5AwNuxLPxEhEyT2uklzwPxsFb0NLj1yY',1470133928,'2016-08-02 00:32:08','2016-08-02 00:32:08'),('SQ160tXV9Ca2U3pIyXt9iL61enxTApjnkOVP0iTo','FSnkS321yVcgHSjRhuHoZB2uMzqIR1nFrrDY0ghN',1470127331,'2016-08-01 22:42:11','2016-08-01 22:42:11'),('fuXBjcOa2P46LmVQuFHKD07YNzyPgF1GjENiboIO','ft0cinXR7irRxqogpg6PGBW2yrAUElzwZwSIxd0I',1470337195,'2016-08-04 08:59:55','2016-08-04 08:59:55'),('bKbSa8kF19ygqUb8MzsNwoH5nA4Y2IE49rAmGs8R','fXcLT72Xkwv7GFRAKwW7EYAH8KwC7jRabCY7n46w',1469863386,'2016-07-29 21:23:06','2016-07-29 21:23:06'),('uajLEmOZGvKEc85AfKtTypwyC2VYXG5Z3u1xRx8H','g0uSzFxZtPmxlEo8sHgwtIM5oR97F3Rm6i0wV5Xo',1470151567,'2016-08-02 05:26:07','2016-08-02 05:26:07'),('LRYPc3PpAPi0rSZ4dTY8lXSQ4h2pnefDQg6ym0hF','G1dBy3l6FkA5wEhWgQkIxF55dDRKjbNKJSvgepiC',1469992440,'2016-07-31 09:14:00','2016-07-31 09:14:00'),('lX8ZVFm5dMjjtw6sgviM7JSCCuPeHy3zloItm8q5','g4wTdVtWTuPo6dk13V12zaUkJhDpBZHFWokvKT5i',1470047013,'2016-08-01 00:23:33','2016-08-01 00:23:33'),('p3xOpTZ4CsHOuIpSkWicWt9qrTpq34AMlbHcbiTI','g5zhu52ulqcTSPuZ3VSvROaUQMfqpxlHyGMvesT2',1469958872,'2016-07-30 23:54:32','2016-07-30 23:54:32'),('IqcoHjcU9f7Y0Mt22FSXekjErkZjArLCqmElAg9T','GA5506ezSjGw6sdHFaFdOU6IEhxvJIqv6NKIzjvl',1469812510,'2016-07-29 07:15:10','2016-07-29 07:15:10'),('DxdflGMHkydgjbcHn0GjTfaLsmTDrYvGPpZpDzKB','GABjeJOKlQ1jP8q9th7pOQCZddliswlyIsWo3zIy',1469979777,'2016-07-31 05:42:57','2016-07-31 05:42:57'),('7tD69J3kR6r33gLdh9ggyjBbaPXGEPWMP7lYANRK','GApOZ1G7T2R7H0SuvfZfvgVkBGpsBmXTuocVAHrw',1469796153,'2016-07-29 02:42:33','2016-07-29 02:42:33'),('SmNj2EbKoundIMALSotmuSSomhJpqn8tyklkdMlc','gEwBdvbq8xRkhX2LRfWuKRZH7jJ8buHc56lfsCON',1469948166,'2016-07-30 20:56:06','2016-07-30 20:56:06'),('zdKPvRPsFiX177jPUfI0vVj0vbXTNS0bFqrRnRM7','gpZNMCy76YcoIeYGfOmaPjzJeeqQkbCVuXUjjPsY',1470373463,'2016-08-04 19:04:23','2016-08-04 19:04:23'),('UKD1okVEYh5QHRJDe5xZcDJHDywk6VlaWHcEX69q','gSBKfm7lOu7Pza0CywAlV7xNtk9TmepGiLfVgqFn',1469795332,'2016-07-29 02:28:52','2016-07-29 02:28:52'),('zYRB7Y8dG9B76rUhCLMW64u6KZHHtNWbKManDpQm','GSTHqGVGlgdAeZjHGuJoBDWn4xHdOIT5d5UxulLf',1469973258,'2016-07-31 03:54:18','2016-07-31 03:54:18'),('QLotNEp7pAPVxOCjbuexA7UBni06aAl1eyHxDObt','H5DDDSwyoqeGkrj6n2tTL7zMVCzbZsij0yHSQSei',1469794801,'2016-07-29 02:20:01','2016-07-29 02:20:01'),('sOFJpm92qxRiUWAev3b6mMwPtczJLM7RjnUa0h9L','h84nWkZNiFXreeOAfUZiDibjlrMd3oAkc1MUT2PB',1470131759,'2016-08-01 23:55:59','2016-08-01 23:55:59'),('TEpD9aNBPdDN09dPKhz2vesCW3TBPxAh774wST0M','H9tMNMmR9WCdbb2LtD4gqP5oS0l15CRh7EWRytTq',1469948013,'2016-07-30 20:53:33','2016-07-30 20:53:33'),('ABlLZe8uSnCZz3LQhqkltsISoqCWG5CvBBzC0tZW','hcUU8QSi3dPesZ4tewhYCU92t11dENt4cCKMEZvF',1470823582,'2016-08-10 00:06:22','2016-08-10 00:06:22'),('Jsx4ggqMM7psrGXLoAXAd5eptnnBrDS9hsSBSjCi','hCUXuCiUr1waRJb74DJ4YRzY0TEUYtSgt0RQYTNZ',1469862759,'2016-07-29 21:12:39','2016-07-29 21:12:39'),('9bmXQ3UG0TLhIJhSBkK4dtYJMaosRAUsCMIqRmQj','hDvo1VYAFB6qClUxpvEEOJmAnAGTM6CcwImfcmuj',1470033655,'2016-07-31 20:40:55','2016-07-31 20:40:55'),('pRc2kldtWPLLBECxCpNKl3qjXKLqfyR4DRhz8SXa','hF3h5dfhx95isqhndabCyVagdDjmXTNMqmbY9DEt',1470918690,'2016-08-11 02:31:30','2016-08-11 02:31:30'),('EFYIeGemumoRXcY1NlLxRhE95WAfidfyzxGntovp','hhgacW7rjiSkVLOSQh8B9BOfAXNEgMPQPghSCEG3',1470370478,'2016-08-04 18:14:38','2016-08-04 18:14:38'),('jXnYVqPNwkFn7ZDtTTezg6iYnQ41AhiySsHcQVmv','HIIgIlsR8blfWWFvwvYlkHoOaFEHEWmTUvzq1Y7i',1470125311,'2016-08-01 22:08:31','2016-08-01 22:08:31'),('KPQWrN2MfEZ18hpp6nS2bCR5xXk8Lx1wr7r5xv0L','hJiHJDZ4mM8qIB3IaMwMU0WJLpP42eoXN1O0EybS',1470823526,'2016-08-10 00:05:26','2016-08-10 00:05:26'),('SVT6Jc0LGTEh5yDEVnrnQLeBZt5fRfcxAYZaaJum','hLQQnJy9L2Sdj8KSmFkJVhNE9EDz9BaBrJfSxkLz',1470125310,'2016-08-01 22:08:30','2016-08-01 22:08:30'),('NTlYBszvcFMmBpvSyP2MbpuR8zz17X6r3enUqJlI','hlug9zEQfRLpfJpwfols0zkwhhyD0sSBUwjBPLRK',1469783093,'2016-07-28 23:04:53','2016-07-28 23:04:53'),('V0WlHId4ulcQNCNcExk8b52CmlZcOZbTSaEmIq24','HM5vyDZQo1MPpkEs7MUgst7zUGJ9jNF4712sXXa9',1470324949,'2016-08-04 05:35:49','2016-08-04 05:35:49'),('FBG2WktVDNDEcAo0u916ht8ShjhmM0DTcTBqpYo9','hmZ3Kmt6DBFVUej41tR4J3BweYxGA5zTNes0rZJ9',1469888955,'2016-07-30 04:29:15','2016-07-30 04:29:15'),('FdbaN7ZXrOOlCFyzlca84iKy9yUlDcZosOUSTQd9','HQvUnq1kdGm4cXSjysi0cKzw3nriVaTdzfWXjTVQ',1470336615,'2016-08-04 08:50:15','2016-08-04 08:50:15'),('aQIg09dAvHVDoICNKrf85X93mZo1qdfSaJODNTsm','hza5cihNVnmXFYu3xtkA1x8blYIlGj4zKpAF3cDA',1470383767,'2016-08-04 21:56:07','2016-08-04 21:56:07'),('fa5wnLvFevHO8RUbelqxuGNMUrPV1UHjQkl1qiVy','I5abksbnXsDcoe1RHroTT4ypRqUS6GYbr4IDer4C',1470336822,'2016-08-04 08:53:42','2016-08-04 08:53:42'),('B7QgBA5NIqSotCJb6YNCMmHLdKbXH79HLKKJvBom','i82HGT7EHwb3wWP3rdHM7TQwjnkQZIi7E3OiXQsS',1470712791,'2016-08-08 17:19:51','2016-08-08 17:19:51'),('ceNQzRgMvIbDANslOzHJHsR6Pf55kULZUUf4I8fB','I8N362dcsJVqGK1DUMVqDiYc2wHe4m0Dx4tRpmOW',1469879417,'2016-07-30 01:50:17','2016-07-30 01:50:17'),('KUzKHxTv6FKJonfHrEUu0gDvNhmuWAflKweN02n8','Ibyid6ivny4Bu3n9lttoc7uvl6DvoRdvFr9Re0i1',1470383765,'2016-08-04 21:56:05','2016-08-04 21:56:05'),('JNX2BryuOQqmJnl6f4uLHO6vCMdCMw77VyY3mkTw','IC4r5my7le2fNlPVhruEp85VExDmc4lYeYHO23N9',1470114250,'2016-08-01 19:04:10','2016-08-01 19:04:10'),('Hjwl9R9dmDAMs4wsNz1Uqkel0etyGawiPys932PW','IDGezXrtWk6pDlxA4niLUsqTi3Dr0thWykESYfc1',1469873074,'2016-07-30 00:04:34','2016-07-30 00:04:34'),('l84GtOD2gsDJpFqDhzrcldqbygYB5uP2muTWDbKH','IIXIKLyx30njMVaLq0Qa46P9xZBvCAhc6NoToCaL',1470067939,'2016-08-01 06:12:19','2016-08-01 06:12:19'),('EHmyTfkd0chz3V5FcYswj8hLMN0xaSZ8Lp2gYO3b','IPCof4Lf79Wv6DLUdXlXybOaNXC7PaI9hP0AJszr',1469886194,'2016-07-30 03:43:14','2016-07-30 03:43:14'),('ldbSxyoKFVHZv5cAsyiQ3FV6u5cjFBw2e0qjLLnf','iTsGKR9ZeEOW9dHZwogZdXbKK4zqeD9aYUP8ZWZT',1470164029,'2016-08-02 08:53:49','2016-08-02 08:53:49'),('dgiBwxgy9tQyHaKbRNYpDDNkuMArAUh2wkuZ4AxK','IZaO4LMr1dVosuvWGuPCQvfBO2CjsQxrIlwfEZu2',1469895682,'2016-07-30 06:21:22','2016-07-30 06:21:22'),('CaaLEbsDANTIWRRQfj80h4jwMrba32JooSH0xbpr','iZv4xj5CpLkHtrTodpcLSfWceFhCt8dY4CRd8f8E',1469810690,'2016-07-29 06:44:50','2016-07-29 06:44:50'),('vHCEFOl7ooTa5GcoL7mQfxxQIXhFd6ZnHx5DVuBU','jcE9ikl2auTH4xc0tYxyBi3x8nN6uCWuhMiwoGCm',1469812318,'2016-07-29 07:11:58','2016-07-29 07:11:58'),('0gsJdIp9WgPN9I9SGVRd8tQGzLqtcYgYlXZ5nuJA','jgZY7XyutT0EBGSEPkDhXzHMrmejcIksYADy9oNM',1469801643,'2016-07-29 04:14:03','2016-07-29 04:14:03'),('H9HslbsD9qQqVlWkZEy7ElaocoaOMoFz2LhAKvdJ','JHATuy8zE18YLTcY4pVjFebBtdLkVwCQCK331vCU',1470298574,'2016-08-03 22:16:14','2016-08-03 22:16:14'),('P7CwMVloIYmMxMA0f4UErJitlKTeUqBnFDt2rzas','jhzwOW8cDyLniuOHjVdgAFdK2qd13VpDsiugr6hb',1470114394,'2016-08-01 19:06:34','2016-08-01 19:06:34'),('IfvYACyRG9HXqO7BXea5KX6VjZGMLG5F4WhCYr2l','JmBkU3MWdUrHGw42zoc5AS1e3aIdkRWPbYdvMuV6',1469948776,'2016-07-30 21:06:16','2016-07-30 21:06:16'),('Je0OV57kAmcD593e0BbwloCN6ZtTHtxVTDIzLpH1','jmM4n56kd1raVN62lkCkiOoXzGULdZXwcD5wqIwv',1470211305,'2016-08-02 22:01:45','2016-08-02 22:01:45'),('vaihWLa4kRzJNHzN1wFMFKkI3DADoMyhgX3bzSbU','jqkYHBQJwISdk22FrcnF3itLoK2GkKhef0nlMWVB',1470119188,'2016-08-01 20:26:28','2016-08-01 20:26:28'),('I2AwFGvYWB4caq1FhsZhWycETkPgw7v0hN4RhAQi','jQZxCgvrMNeXWiae9ZA4iv3DBCS05FfapFO8gEEu',1470163610,'2016-08-02 08:46:50','2016-08-02 08:46:50'),('xdYIaL1IIpaxP2Nfsx76VjTZtNXinoGMeEiSpr3H','JYHpgnAfMSP4wFT8TEyBNP4IAX9yaySwGqnmnmJ1',1469900011,'2016-07-30 07:33:31','2016-07-30 07:33:31'),('lUnjWVcEz8Ek9MyCnQJAEDUw62xubVFG6SQd2Roc','k0S1owBzg6ep2bkvknBIJsq8mdAVGuwavJhnGLUo',1470243441,'2016-08-03 06:57:21','2016-08-03 06:57:21'),('yiNFHqqVo0HJ42AUtWg49FpIwOXenqNVycDnvIbu','KB67cokqwj0wmDmE1HYWpMcrydBZfao6HLF9mWI0',1469941737,'2016-07-30 19:08:57','2016-07-30 19:08:57'),('Opic3yqv4pZAcYcilhFWAgxznrknSjc7G874X6oC','kCRNvGhbxmkoPfDIxdclb7Wwbnq1gmbRUCHWMzmE',1469793877,'2016-07-29 02:04:37','2016-07-29 02:04:37'),('hifD9eupG6JdB4AHd4F7FVC6p4kHALKSap18HeJB','kiI2pQvgyiDoxe296s2AaBG0GkRE5CL5HE5ZAVC2',1470159136,'2016-08-02 07:32:17','2016-08-02 07:32:17'),('qFUwBbCEtiUtCNGh9t4CooeF8zytzg80IwKUsuJh','kNp6zL9ahGbscRXmIhqZSAo9OXUzvAhAykOVDAsK',1469780834,'2016-07-28 22:27:14','2016-07-28 22:27:14'),('Lp6lP6xnIRmXAxylmGJoAqXCoLWjoDY4Wo5Vg0Sd','KUZ0oWvyWHCllAM5GuTjmUBXkykTfp05FTJLiLoC',1469976217,'2016-07-31 04:43:37','2016-07-31 04:43:37'),('PHjEhwsBfyzmzYHS2AHLS048LztWBLFasMkqNNz0','kuzpOAbO3NHRuwjmCjIZTZbji9tDGmHsSMhkLiu6',1469898500,'2016-07-30 07:08:20','2016-07-30 07:08:20'),('JvVUXgfb7cFt9wlFwazpKCEbZypWjmtnUJtS8ho4','KxwHZhMYjCSLUP4oZVjKmBFwITyA5YUtRtGulhwW',1469978162,'2016-07-31 05:16:03','2016-07-31 05:16:03'),('ivI7bvPvGOLNodKuH0NaiEco6Kvan3L9TnVU2GX4','L2qK1fVdeGmoP8fTGmTBFJJBYDkIO5kdYtg2MNgj',1470123618,'2016-08-01 21:40:18','2016-08-01 21:40:18'),('zTyGf3N7p1ylo0DwPLJVdZTKpDdYtRMyX0u0deVO','L48dfS7YUxoqKPkDBf7QuyOfRIW3mYlmFUkVhFqh',1469899988,'2016-07-30 07:33:08','2016-07-30 07:33:08'),('j4WTDgcKeNO3n35bGol4ONi5YGadssHlz6wyfxc7','ldlSeCeeI6hV6tgohTE5nkLrxsEI59WRNZe5KVOB',1470159508,'2016-08-02 07:38:28','2016-08-02 07:38:28'),('S3OJhNj6alKyohaFUNdahrJWGFdR0m5nPIDv4baK','lINizSzr21y4bwNnHoIZ9I8JyygSsReN535JLKNp',1469977544,'2016-07-31 05:05:44','2016-07-31 05:05:44'),('sLb3e44W2XPM3rBURG8HLTRu6URDOnW99AfHioif','Ll9hZGUfDRmCMEWj9ABqdn5P2hLeYMItPQIiVkgG',1470045856,'2016-08-01 00:04:16','2016-08-01 00:04:16'),('xfqmtsTFJ2MFX8QqP1BzBHUhpSbFIuxh3li43maE','LlqKZHmKlPSlbysJkPERoYXqibVO7nuJa6fRfpTF',1470387016,'2016-08-04 22:50:16','2016-08-04 22:50:16'),('HRyChNpFrQHyqXXMCG4YNY9o7RlloBuDyYqOXIpE','lqKcR1yV2PgvY13P923dOUumKuQLay1HfrgEvReK',1470022592,'2016-07-31 17:36:32','2016-07-31 17:36:32'),('0VomynESCEDu1LWQO0zO0qkiG6pdEtenkxdEoVOF','ltfTcc9FL8otcNxjFVl1bUGvudtOd406P5otv3KQ',1470068095,'2016-08-01 06:14:55','2016-08-01 06:14:55'),('QD4OFZpnM1CcL8or08h1kQEKXLYmiZq7CDqmwgIS','LTp8K12YTYaQmv46VTcRQpHHbjWoAI1y2GYHUxzn',1470125520,'2016-08-01 22:12:00','2016-08-01 22:12:00'),('Hz7R5luFD2CvCx8aI9jnDxODQADGh9jHTfl2BPSH','M1zc3FKoPqUJtrjxU541wjPMFyXl9Xf24fija5vg',1470064691,'2016-08-01 05:18:12','2016-08-01 05:18:12'),('thKAHd0wb9hBE2wkMfsghjTFB3bunDZvvpKBGHHI','M4wWJY1KmlUNyVGuSa2Ca06f9sfXsl60VtQ44OW8',1470301332,'2016-08-03 23:02:12','2016-08-03 23:02:12'),('nCqfDsSOoEdbKG9nTIBJ5trtXrR6nVuvCWZQRLTU','M6D0Ltj2YiY60KK7lmMFamJf3PXLbBqhWEYVXKl2',1470070500,'2016-08-01 06:55:00','2016-08-01 06:55:00'),('qI5AudxPQyhYla9nFGcYPdJKieiQCtfhbcgKFsVv','M7RdnCpOMcAn1BqZHwyrMmQ0DzoMtIXNAH26kA48',1470371070,'2016-08-04 18:24:30','2016-08-04 18:24:30'),('dQf1P9sSlyXE1kX3zYzcHCB9BVdlZ76IifgZOkhk','m8OKc6QM5WEZHeUHipvIlYdpG0sc0Agh88d2GDLM',1469794029,'2016-07-29 02:07:09','2016-07-29 02:07:09'),('QtR2yMTMIXsmcM7KNqofo1adsmLke9eoKfaHaIO2','mC2PmRCzX8NUahGIWWOYuveGMDICudq6WlTcrc4b',1469956287,'2016-07-30 23:11:27','2016-07-30 23:11:27'),('LUno31Dh08d0CzBTBxDCQ2MWAAM1qCSieTY0EZxU','mDeyDqvK3MqcubdFB5JDoVJjj2x9HZJZVDeHFLlJ',1469795554,'2016-07-29 02:32:35','2016-07-29 02:32:35'),('pF6WHQTnucAbTfG1O9TcOoRUUdgyPUVx1y3oMSyw','MmSmCE87ns3MZzF09KZkVmv4RCDyoa40TsObEnwn',1470822107,'2016-08-09 23:41:47','2016-08-09 23:41:47'),('iFcbkWXQR9jthME7BdgCv9SyT1MYZykIKikIW9uh','mOj12pd0RNWtUfCfmyYhrEadnymLa3NLpRlGXMJ3',1469795575,'2016-07-29 02:32:56','2016-07-29 02:32:56'),('zCrbUutniAXddrdMvLnXLZmmlV9zsxl32BG9SqP3','mpxhxLUMee9obLbMSHAPJxC9AlSUIPicw1IidoG7',1469795411,'2016-07-29 02:30:11','2016-07-29 02:30:11'),('W3SYUFQwQfrinbsGxc7TsE7rBb66qo6bz9X74mol','Mq7tZdC4Wv2yMi7eWa5ZaXsyrLbxXgcfCGpeoOfT',1470312266,'2016-08-04 02:04:26','2016-08-04 02:04:26'),('IvJQ6z1mJi6UAAJeLyGt7e2Iwfo3jptzUsZkOMBl','n1mjy3WxkRuD29F9BJMeYNsCLI9EB6iFYvwaetgw',1469986809,'2016-07-31 07:40:09','2016-07-31 07:40:09'),('SAJz3kvcsoJeA9kHO1r4V9EM91esDGbNCEdyE7p9','N4nYCtbGfzLfIO27AFXfMAs0jlWWHwYlE5VKjHgh',1469903387,'2016-07-30 08:29:47','2016-07-30 08:29:47'),('PfgDQuSRHqLzmDJWNpUJANze1oCRe22aWk5ZCEwv','n7mAsZ4tB1HDQGKKbBbdogzSSf3Qr3QYgHB5aocN',1470337043,'2016-08-04 08:57:23','2016-08-04 08:57:23'),('pBr5yc6i4XfR1VGEzIoPxYboQBB72iHVsX5rELTM','nAJsEpLERkUprgtsW7fCjl2qGbo0P5lEwbR17Xb6',1469888747,'2016-07-30 04:25:48','2016-07-30 04:25:48'),('VMpboGAWxYoFMrgEC82JI5AD4L06Z081kqd8lUOn','NBpMTazmtOB8pncoua5gJn8KP5RPaMTUWAXqvswU',1470387825,'2016-08-04 23:03:45','2016-08-04 23:03:45'),('XElalKSgTbZUMMZ4cPymDiyEDYS9yCOkBInrFs5O','nCqwyyD30L1ICrfHDhKqmjACc24f2TeUp8vf1zS6',1470068570,'2016-08-01 06:22:51','2016-08-01 06:22:51'),('P4nJfc19KdGQi9HuTmtEtOAsRG7qNBd2jOWUlcPL','NHNwFy8aNykjOr9ttMCmCjv36rAc7WfvCHm8Rvz5',1469796715,'2016-07-29 02:51:55','2016-07-29 02:51:55'),('93AYYXLdXytb6bDaChaNuOckgnY65aYrlFaR3UXL','nlsaWzlF4dydPGtapBj8RuQbh43pBJnyJWgEdKy2',1470123692,'2016-08-01 21:41:32','2016-08-01 21:41:32'),('qOxJ4CA5l2lg8OUu08a3GDuFKRCixSY9lxACDxBo','nLSyw1ig9CErLGJCmOfkb6IK4apykth6gdQPqtNq',1470057016,'2016-08-01 03:10:16','2016-08-01 03:10:16'),('0JW6P9aNCTCLuljsaIkBpuCVrcTfuLFt39au7SaZ','npChwfdaysHP7hftLkgyAZAY62K6D63onqypYXpk',1470068574,'2016-08-01 06:22:54','2016-08-01 06:22:54'),('NP7tOcIqkxiRQjpvH9tqHEWxmvAyYRkzteL6MK8U','NqVwWkyKB7iTLFdeCW7Pp6XSIXgLXHvFiOvtonsP',1470917642,'2016-08-11 02:14:02','2016-08-11 02:14:02'),('lrjvgG9mhNw7QKEFQydH6ujI8qhkFgSLKuZFsyUK','O1y5VLWWBQSOf5TStFSyjnLw9gd63ze8317IZOUf',1470298575,'2016-08-03 22:16:16','2016-08-03 22:16:16'),('bZ9ldMoejgS1MiRXIqCjhDgpVbKs7kqMvxmfTT59','O63DeRpVaUHcAw4ZyhMDrBGF5Spe3JcJR9RdYIvl',1469873855,'2016-07-30 00:17:35','2016-07-30 00:17:35'),('VVFzZ0CX4JyMYrGGUikCWqMvq65egN4oyLNigGZO','OnwHBpCdFvGnBY7Dv5HAxFUjj5hgsbCrHJuu7QLr',1470325905,'2016-08-04 05:51:45','2016-08-04 05:51:45'),('J5UT9Uzdu8eLOFuKp4IFkkQuPl54eU7MxSTcceq3','oOR2McHtckRtWsvaiGhGqEMp30BPiKbthhnLsdhN',1469986903,'2016-07-31 07:41:43','2016-07-31 07:41:43'),('GJwJ9DGDtpiC6oE31YWjKomyFIG05YpDTFOpbhbe','oPq1pOzZG4OKOFyVqEIIXmbHYPbVrNzhdJDMbrzl',1470211305,'2016-08-02 22:01:45','2016-08-02 22:01:45'),('lUWo2vG9n9HWwiMRsk5SqRyG5P7hGl2Z9ZCemCNV','OqP2QcWuHkB6fDgr2bhHtLVRusPmT18qbeXrPAyy',1470370303,'2016-08-04 18:11:43','2016-08-04 18:11:43'),('r38vaLGFsUYPTcvow7Jp4jyuEqoEiYqTTurVQd1d','OrHnzSV1OvjSqJLDiWm7KLyR0nIa7R7NoFcXVDxq',1470063552,'2016-08-01 04:59:12','2016-08-01 04:59:12'),('2P8YCN7WGERJhHulrn5ZRBfl4S2kubjpnHApzmY9','OwQj26oW9SzYYvjAq6PSSRvQ1HcQ1tTHG4vLejaq',1469977991,'2016-07-31 05:13:11','2016-07-31 05:13:11'),('KuUMv4cKj4x3hcHB0j7KxraiDP2Y7I92VryTdEyV','OXdJqfGOMWrJdFcteOQcSY0amLfku74h7WCOWD3c',1469795195,'2016-07-29 02:26:36','2016-07-29 02:26:36'),('4H8BeovyOPaEzQ8rJ5yUcRyGEUb37WbUy5zLQTtY','OxnYmvl68Tzhdjnr3JGoU42qCl0eWlayKuZmJ5T9',1469882598,'2016-07-30 02:43:18','2016-07-30 02:43:18'),('4PpUzgy3BOk2t9LtpGYdFuVmv6hXn66omISmlVId','OZcdXRCWgeHdhIqW8Ee4jJDYeAnVZ3KIdExfws1D',1469990282,'2016-07-31 08:38:02','2016-07-31 08:38:02'),('tVVgXS2r5DgZrBeiul9MP5UN9fHV1xnwFJpPGQWx','ozluJBhijTuv2KpYxsCIceNskaz0G9y9p6e9a90o',1470387313,'2016-08-04 22:55:14','2016-08-04 22:55:14'),('cN5qocA124NoSYR1bh3uWe9yQLOQp52aA1zfNoLv','PAUa5lwJ2RRWcp5Wi5Xg2wVzKOa7nqkuou4Ih2wJ',1469954932,'2016-07-30 22:48:52','2016-07-30 22:48:52'),('YhkFzD37057GEctafWYS2rMSFRP0NhH4ZhrmVwMV','PD6eOYZltWZnxRqIUlAYK7DwKJx3dzAoX21O7hIH',1469941029,'2016-07-30 18:57:10','2016-07-30 18:57:10'),('IAp9NoWw6PgsYnnqWcLogw4lJxWcra5HZM24727A','pEKsgwgeYq9aDwZFvWzD3plPcpIrIcUNPep8f0RD',1470239814,'2016-08-03 05:56:54','2016-08-03 05:56:54'),('w4WD3rwcGU7T9QaFY6uj8d6egFkN3e3cDBAakA0m','PFdfAU9yqZR1s0Olu0gOgV8FFOMKNQbDhn301IvK',1469794708,'2016-07-29 02:18:28','2016-07-29 02:18:28'),('nNdWnage8xIy9W4Rrnrml6calcpuHZCb66ZqyE9l','pievuH6DP20sikU5LtEcaiukqzSYGuVhcEi1qrhG',1469949332,'2016-07-30 21:15:32','2016-07-30 21:15:32'),('IUzwrBjAa5G9TiENGz9juR4zkzawUSke6MpQXZog','PMGzqfTLjKLJ9oAkeSTf3YxJt1NYfjDF8cn9P0zI',1470155204,'2016-08-02 06:26:44','2016-08-02 06:26:44'),('HVYAg9XTo71CkTOkBIchikVRz7eiCHpKxDSFo4gY','PQXs6vXEEz0v4c8DoT16aWF3IFrguWEYHu8AOBQv',1469985222,'2016-07-31 07:13:42','2016-07-31 07:13:42'),('IKQDTsY2wGyoGvTHJvdg5wnPYxAbKEjPEIO0qHf4','PRvdxETYHadViqBzB2lgnM1dhGSKO9GlBuWUoKaI',1470711517,'2016-08-08 16:58:38','2016-08-08 16:58:38'),('cvaRwgWGeXYJ84bbatU8WnnKY9CdYQEfYGeK7Pyw','Q1NPbnKawQSSGKoXS34yG43mOIeLgGqx791RpV5C',1470307364,'2016-08-04 00:42:45','2016-08-04 00:42:45'),('vlW2pbIGuLcqj9Ff4iZxwKGWOC5tLHjQA1Uc6DLX','Q3wNVJPqV0uKMr3EvWVCba96F1ipQ26jktD8BHxN',1469886974,'2016-07-30 03:56:14','2016-07-30 03:56:14'),('HWcXmvhZyKnazf5hq8YqxcTg2xccmFLXrQzJa91I','QCRSRr3WnMDCu5QpiUcSCgADPfFwqwN0BBhJJLTp',1469880185,'2016-07-30 02:03:05','2016-07-30 02:03:05'),('gwjua6G71kF18q6840YqAhNukI9xMvmtUoLPZvi8','qDZ06RgZMUnob12pE2E680EWna7BLRLn49FaskQQ',1469894990,'2016-07-30 06:09:50','2016-07-30 06:09:50'),('HjuWPO64DJYxK8YnM6EGzSDhkmjOWwbBLwmjqd2A','QSxS4NfrqCHROZ0nPPAjDviSBKLxRexXFxeww9LH',1470213585,'2016-08-02 22:39:45','2016-08-02 22:39:45'),('mJ2Z55ZxPNwABgFHhVZKYwqsFRVJGbkCZd4EJoyS','R4RcsWTeXdyKc25qU8EhAcQaXQK08Xeqo2Jo6whW',1470214116,'2016-08-02 22:48:36','2016-08-02 22:48:36'),('5CRWzAM0xoYcWNRomJAAceDtvr41flolmafeuDSi','RFvGbNw52KG6B5EOsi6B6vgOjChjpMd7m2Tk3drH',1470311219,'2016-08-04 01:46:59','2016-08-04 01:46:59'),('BlbjWv5q3SFmmsSl1OkQtxSeQ75cMiJ4w2G367mK','RLv0LRcq6aP3OYUSlQrDAhHOtcG2QgmkOvY8RvOn',1469783829,'2016-07-28 23:17:10','2016-07-28 23:17:10'),('Gk0AbtGwLEeVWBAzCl37skaAG7eYpWMC1qDR1tbR','RNZG4EXUKdr7inZCmbFctKrHgdYwEzLZKBtJPcKl',1470221990,'2016-08-03 00:59:50','2016-08-03 00:59:50'),('k39COxXtOyxcPZjgxifSby6HEK0TXabDM8Ks2vzC','rsLHJ85QVN13qXq0cD45NQqJjHxguBoygxvFZsbM',1469884791,'2016-07-30 03:19:51','2016-07-30 03:19:51'),('pW6Zudbr18sQSgy9uut7yHvWDs6r7rF9mVAfnRDL','rU8ZRMwDZIFTO2QPsVVNFQcnpn1Vbb7c0Q2kiVmA',1470126902,'2016-08-01 22:35:03','2016-08-01 22:35:03'),('UAWNiP1jJ5wJ3prTAVadRFkFwN1pWHMenztp0ZGT','ry0KAiAlgUQkri3sgMSNdUpNdcVqJ7iSZxQcCoCM',1470067417,'2016-08-01 06:03:38','2016-08-01 06:03:38'),('tYTaeWLKj90FZ7sHE8tP9dgyjaiNboWkVEKBTCK8','s1JJeJu8wn1h6Oy9knaPSxPcYhlUe4vi9WsVp2w9',1469795570,'2016-07-29 02:32:50','2016-07-29 02:32:50'),('rqwXj9i6ZC3Gc4ACoqWXQSvaypkxN1aoYGuRLh7E','Sai3aFmSo2PHiKnUvALRPOhinqVFLKM7gq4fLe2V',1470116651,'2016-08-01 19:44:11','2016-08-01 19:44:11'),('oCU7uge0aUSJj5fNq7cfXMy3qpH4oV18XHrNXlAy','sbjjxp2l4VzsyUVpgg9y0VbyrtjmNiBzLFh30vK7',1469899938,'2016-07-30 07:32:18','2016-07-30 07:32:18'),('vJyMbkGp2mYZFFc8cReNIu3DFITURdySGDnoelus','seo9T5uzBK839WnDd3QZrGnpcUBHMbE6mJt7xp8L',1470387950,'2016-08-04 23:05:50','2016-08-04 23:05:50'),('kPMZxsfzEM2sFToG6RX3rMK7SIqlgxZXtCH99IQS','SHYUtfZAWTSnuIT7xWigxyC3eS6sPCDPf7m3hRIh',1470070174,'2016-08-01 06:49:34','2016-08-01 06:49:34'),('jCljkNwxMXfCBZEZNwalGmUZ3iarQjQ5Y8KopmnD','sl3nnYhPNu4tMnzqxzOrxGKMt3B2gy8SbMSVq0jU',1469888999,'2016-07-30 04:29:59','2016-07-30 04:29:59'),('XsIFWp3ibGpLT6IADUmcUw8iZ9rP8LwOM74O0nZZ','slIAxxR0xWRH5VXwpuFJ5wl6NPXOB0cMEdR6Mbwy',1470024158,'2016-07-31 18:02:38','2016-07-31 18:02:38'),('0NXMhRBTkZKeVPypRo78MYQv2OvLrWEQEorPpvvE','sLil3QHUm3gfAmaopCpHxVDy9LO43LovJcdRb5e6',1470058051,'2016-08-01 03:27:31','2016-08-01 03:27:31'),('CY62gesmhmmSxPAmtrKc26K8yW00Stye6vyJdlU1','sNRDCWZ48wATclpF9EboSnFBJE5nUxj85y0jOLWL',1469956219,'2016-07-30 23:10:19','2016-07-30 23:10:19'),('Fvzl3MkgBdtRMMO6gLbCRceOcdXFZ3ihCy3eW6HL','SrngXzMQg6QMXqOBmo5cbx6Ui5sCWS6CUE74N6vl',1470918608,'2016-08-11 02:30:08','2016-08-11 02:30:08'),('xCVnzYDz2JtvKxyyRNXfLmSmUKZr6gBUVydbE1YI','ssljzC6LN8ekFgK8jUa0UH44MEoKYuaqHoE09ELd',1470118332,'2016-08-01 20:12:12','2016-08-01 20:12:12'),('rbFdzkGgIq6XEIqRAXE2MMrsovj7kcbdXU2NkRhd','SYaU9CTHu0Rg0wewGpJVIpv2GOCa1AwYrcjYp7bh',1469951595,'2016-07-30 21:53:15','2016-07-30 21:53:15'),('AUMlPNTnAovScB80083iTLvVwVXM2r1YQc9Z5mGN','synYsbClI1vBXByLOxKxrvEYilsUWAyrBIhCAz9O',1470017139,'2016-07-31 16:05:39','2016-07-31 16:05:39'),('dRcd4Ipf7NeMqW84bkPa1S9s87XkVoTvY7U2GYdV','szp4DrMzOYKThUhBW53dmxbK9NnpbwLZbQUbSWdJ',1469879442,'2016-07-30 01:50:42','2016-07-30 01:50:42'),('6e8e8EfcXlOEtO1ZnIwjATU8yzfuEWhd0F1WFsZm','Tgi1RhPEgTxweTy4QoyD9Y07fcT4Fc6pCeoq6kGJ',1469897633,'2016-07-30 06:53:53','2016-07-30 06:53:53'),('MqeZV7Rtduz3EsKoKPDygWyUtd4g4ZXkO4aPjksj','TH3SsbDNQj4NIFTYvPTypzHKOlgUJwHzAiAO52AG',1470067079,'2016-08-01 05:57:59','2016-08-01 05:57:59'),('6OunHyrBuEKVQ0ylXbljip3PVxRq7wo5jd8GA7tR','th7u3NQ00VJkqK5a8IM4KC7zGfsMxqopjwymqK4J',1470114251,'2016-08-01 19:04:11','2016-08-01 19:04:11'),('FVcEmM4Kybo7Lwb433poqw7WmJvcOygD6Ch6zSiq','TIcbiDBf76OGzvCKQ3Yoy331z4lvqJnSuKrKmgs7',1469989491,'2016-07-31 08:24:51','2016-07-31 08:24:51'),('WqH9U5aXFTCiyFACyljbwvqBsDC0wirfg96r5sd8','tIf3nIC9IqlB3cyeh52Wjc6pL5EcPkwEyTgX0dw6',1469947656,'2016-07-30 20:47:36','2016-07-30 20:47:36'),('8gEDMR9nu9Eu1e2V7EabS5VEYKUMbPtDZ2CESjdA','tu69acABxjsavDreNuhbxeO0UTf6MTSKTcpZWctu',1470125511,'2016-08-01 22:11:51','2016-08-01 22:11:51'),('7qZQVyDicTY9i9ll93MAEYz9ahw8F4m0NvSFWNcF','U8x0x1E9IevXR81FA6MP8QeuQDkgUNLYJqlAY57h',1470122402,'2016-08-01 21:20:02','2016-08-01 21:20:02'),('YIXvJLATed9yVEewqmMV7KEyyEk4fIuVICVmfr6L','UaaMzO4rP5Y24Z1FEDOzlNgpiIQQggXvneGCazUL',1469794695,'2016-07-29 02:18:15','2016-07-29 02:18:15'),('ntAgRy26qAfpLNItzVhDS6qxo3zDyuRJBrdWFs4Y','ucwtpZDmzBqxn5M02FjUcpE679IBweEjU1SWwMmO',1470371490,'2016-08-04 18:31:30','2016-08-04 18:31:30'),('YK1vrjdMjeWJx1KuqBMQ86Pa2txjN4lbZnCP6i51','Udns3ozMLnfgq8v3Zl80IRDdD5wZsBD7KMDqaaWK',1470254334,'2016-08-03 09:58:54','2016-08-03 09:58:54'),('aXzV0aDbxOr52GcAZ07SwdhNDnKKjJq8cFDhv05U','Ui6t41JWeVLmUKviWVIBz0W5N1ZZVmWHaDrDnClV',1470220380,'2016-08-03 00:33:00','2016-08-03 00:33:00'),('H7lOC6ajqjCffGuKsXopT8Oj8RGV5bU1qDE5kkXm','ujQfPdpmd3GoQlkFEOmDu04aJrwJvaATli6eNHgG',1469990644,'2016-07-31 08:44:04','2016-07-31 08:44:04'),('m1kgY2kQgWXYQD2XroUNRggLHhyJ1DHyfHM4WcWW','UN6lT2cwAvCeUeQtiL48D40ZOXiln0l9ebCGL22j',1470221548,'2016-08-03 00:52:28','2016-08-03 00:52:28'),('8O6gYA3G16xJnC0YooNfhYMamWLpropBOeuqy3m1','UP1P3FQlC4w4Yj6yqZszGIlx5MAStiPDslbav4nr',1469795576,'2016-07-29 02:32:56','2016-07-29 02:32:56'),('3ofPoDYcUVCA7S1bz7ZDPCZ4wpfSzkps8JtOwmfe','uRM0Rgundy9H1OzN8bW0HwoVNLPioa7bjW7540Hu',1469808370,'2016-07-29 06:06:10','2016-07-29 06:06:10'),('xtgeKTvrGrFZtUXBVl1Pt8FOnUDOZ7sOrkneiPd4','uwzWb6kANSmSOK20iWb8vv9hb0qNoUGo8NiSKIm3',1469873839,'2016-07-30 00:17:19','2016-07-30 00:17:19'),('dLfPwTS3eLVVpwSZuLSdq115zlR3JPUHTbfcsxC4','UXDdPIKoHrhYZEeAXDQz6Fk7wzXTO1pWDoS0YhMM',1469893506,'2016-07-30 05:45:06','2016-07-30 05:45:06'),('KqhzFFev9eH0vatjLkZTJfsiuMtLVeCuutdRVmwU','UZEvsBJP3jLAtwa0KoAjMg17pOiKXLr77BRKUf0B',1470160344,'2016-08-02 07:52:24','2016-08-02 07:52:24'),('QT5YFeCw0gD5cE0rQ2n0ZPJ8cYpjSn86nZuHD9J0','v88jQN8Z9OZLN7RAqtl1PjweGLCxLf4iIzvyOk03',1469966722,'2016-07-31 02:05:22','2016-07-31 02:05:22'),('wXQgJkvzIysROnuXXUXAcwnKxBvyJiOGrzFfPvWR','v8kjMIrYPSQUJS7HVb3uiWkcELK9DmCxnhyr6EXn',1469794814,'2016-07-29 02:20:14','2016-07-29 02:20:14'),('noH2YMrDYS7Q5L3NXw7A6uILC0nGNPKNNWMcbPft','VeCR7FSFqTjvusHBgL4pfpvsUuDKYro4PRS5opGq',1469796293,'2016-07-29 02:44:53','2016-07-29 02:44:53'),('8NamPPjVNnKbcYCdyAZCwoI9mIH0kuRRvLqQ4sxX','vf9FyZrbHpH8bia38vKq5l4wgC3FXP1YDmHoX7kc',1469970442,'2016-07-31 03:07:22','2016-07-31 03:07:22'),('ovkX5r5yIwTkyyFNVeUva2hBaWQa6kFlRf0RyASL','VgkJyGjG63nIhcifxmeGDdAoTQ8e0eihPdzyAnYn',1470823585,'2016-08-10 00:06:25','2016-08-10 00:06:25'),('4QNNOIjmMeNXyB2wCWn1OpEbQDoTGLYjoFywsRZD','VNqFCjG7W4OhbtTGjYQzFq0LO9SzQ8zyZlIe6oaM',1470070538,'2016-08-01 06:55:38','2016-08-01 06:55:38'),('ALgW1YUm1A30nlHky1U1vgYeQ6fi4CMTwLA3lEqL','vqB9vKw2PFH5l4icoC8Kar80vIFDEZV4eTH8mZiz',1469897842,'2016-07-30 06:57:22','2016-07-30 06:57:22'),('speWkcJQmR0wMpn4ZR8sHVuGwVXMlNwDOVqPdiu0','VS9DqMRsjzq6m8IPO7tHXasdallUZFkrfQoegJCt',1469795569,'2016-07-29 02:32:50','2016-07-29 02:32:50'),('qgmdbwex3UVqLzhGLJIt6AaPlA50Bnz9RQoUrMRJ','Vsu5MtHBRxhKR5MifSTRBrVqPgZW8zhDPtRTiCQv',1470378177,'2016-08-04 20:22:57','2016-08-04 20:22:57'),('ATSStRuCMDML6VhhnJ11eyVfTjOdF1khSftumCNY','vtrOCC6f7HISCLvSPeYz0jZQmtfb2bzFk99arTuH',1470035872,'2016-07-31 21:17:52','2016-07-31 21:17:52'),('yswPgl8Newbdb8QTpSRqkI1glPdoHnjRFURVgX9e','vWM1l354vWiI3Ys7rjKHIl54cJkeNnX6DjkehZpq',1469798118,'2016-07-29 03:15:18','2016-07-29 03:15:18'),('RDeWa7brGtpYaMggkMW9dKyo6UfCtb2HrKGo1OLC','W3lhFicU4AXDvV6q5ngal3P19Je62BuGXxCrkf6n',1470211644,'2016-08-02 22:07:25','2016-08-02 22:07:25'),('ncHbwZTzPoDj3aFQXGFZsOQXgUmaSyEERsTBA7bY','w6s0hBJVK86kT0bxIwR1dCuIh40hVr846c8u6Ax8',1469903894,'2016-07-30 08:38:14','2016-07-30 08:38:14'),('B50dadgRXEgkIYvSGiN3PRPe2PWiq9ydxBxaxzmS','WCjDwuz9o124y06SiYeSh7UMvKuvIBGZ7LNcyXzB',1469795575,'2016-07-29 02:32:55','2016-07-29 02:32:55'),('r0xyjG243AQs3FTTBBnnS9L2ITVMDt28bfcMPpnA','WkJ4OD7nBlgrcY4W8H6z4piAcw3KFI1e12Oc7PHX',1470370989,'2016-08-04 18:23:09','2016-08-04 18:23:09'),('NzeN4JIX42Y8bLpdcJVJX0AU7oaPbuClcZzHvhTW','WKOXpeGBFS8lyxSaz8Q99TlFCx12PIp56qiHIEPi',1470119825,'2016-08-01 20:37:05','2016-08-01 20:37:05'),('Dp7E1fS3FprOyZVpwwnIMUOof1iRwLldKZVHmsfW','wkPS5kO1snkabvnA24wMvIxy3bJeuJIi7LMl3Pkd',1469898245,'2016-07-30 07:04:05','2016-07-30 07:04:05'),('mb6H69PcyVMyiQ0jkaBMAMRE1vPh3FKLqmsVLh07','wMAcgQ5yCRS9jg61kIyWmtKhFhbLgoQMjmD7jVzF',1470067448,'2016-08-01 06:04:08','2016-08-01 06:04:08'),('KczD6CGs0x4JoTNcsN2WQP63fcIexxqQlpitoUGk','wmeMt5CPHGCamm5MsKkoISzvboka5fnAM855KrVA',1470038141,'2016-07-31 21:55:41','2016-07-31 21:55:41'),('refXtxyPOifc8pRyF0Y6lvcXp1PxGmg8umwttJ5s','WnqQbKsaM8XVuqQqtpaGIRDRxnThkP1pi3195JDC',1469978690,'2016-07-31 05:24:50','2016-07-31 05:24:50'),('yk79VpCB4YLlpVc6xhT7zVe6JWcZdV9DLw8hXPir','wpEeRdCMoxpIaeIqpqTXyTzkKFsc1OY4hHs7bI4t',1469796462,'2016-07-29 02:47:42','2016-07-29 02:47:42'),('uJ8w4D0JQoTWM8bw9GmdJpZG3EuSSuBa728eSoT9','WTuVQPA8H5daf11Qimdz3txTwU3EP1FwcTN1dV2r',1469897870,'2016-07-30 06:57:51','2016-07-30 06:57:51'),('2cBW3C7NdgJAEJckegHGZI6GcogR15437Ej8fOcy','x6Gqq1899Hz5UNNlVdrERrNpcClaM3Dv0EOdZOeq',1469819871,'2016-07-29 09:17:51','2016-07-29 09:17:51'),('5kgJJLxtzqFYHETJXYsPvjamovoNMngwdOdUoe9p','X91kOmqpDdSG60aoUCQY6uY9FZYsMpm2M10y24ww',1470018943,'2016-07-31 16:35:43','2016-07-31 16:35:43'),('c9zKvHGBLCjwrUupaURrXGxmH8cyhjIJf533h3Cb','xaHV4in6tbVu6JrNvXrzds1FvBMfD5qRRhLMI4n2',1470337318,'2016-08-04 09:01:58','2016-08-04 09:01:58'),('GXauaJMnMw2fzNLRrm4WunyOZoQlBN9uox5ALKIA','xBQA4854eIVdJ8reOY1sLlJJkeglbvlBxQRUakKm',1469971259,'2016-07-31 03:20:59','2016-07-31 03:20:59'),('JgyWGRogPCvBzNPhwKLyknSQJHZNl9feukj4jfW4','XFazutp2KVwzL6Y3AOLdcNXKQdF7O4K7BltvHz8d',1470067143,'2016-08-01 05:59:03','2016-08-01 05:59:03'),('SMcDwdKoBITFy7fJoCAaZfDStrOEwdUEetRGb4uR','XhPmifF12Z5Edk15FisIPALIkKyjBPWsuR3qFqXW',1469947521,'2016-07-30 20:45:21','2016-07-30 20:45:21'),('QZIS2zJ0NCk163HREsyZeytCZlDhoPbTBc9afyqZ','xIHM1CjpYSRLcriySOgWEeyFeRzzOIIHnewn1LBh',1470373121,'2016-08-04 18:58:41','2016-08-04 18:58:41'),('8lQDc7qh4k8peHkwxDBe8Lgcj4xKLeLMr2EpJbjY','xIzRCLHsQI5Az2HlPALCWotWik1Cz8pJ0zz3SSzB',1470298661,'2016-08-03 22:17:41','2016-08-03 22:17:41'),('Cx3FTb2QE0tyKm7VNCi7Uxb7UIeoXTPeiQRIU3sm','XPG7mVxJlXaK26OldSDS1PABI3PgTjuf6pqCKTNd',1469974064,'2016-07-31 04:07:44','2016-07-31 04:07:44'),('KcOhMQwO4F4TZUiG8XLMzek9HHkFtPryTgBvr91K','XReQctkhQhBJmbgUsX0vXT6s4jFcgQeAGakJhcyO',1469884913,'2016-07-30 03:21:53','2016-07-30 03:21:53'),('PknrRbZybEp4iwTkXgWbrhf9GGfRfOzFrFusoi0H','xUEB4S7o2hxajkU1k3jYSs5PRKRtA0j0jOIcuIqp',1470254333,'2016-08-03 09:58:53','2016-08-03 09:58:53'),('TrZJ1TsEPi4kHDp4XNaRKyEdFO3I4V0Hs1kwSyXz','yeXHEMaIwifvVKkAsJDNEnldeRBk16jZw8mZt897',1469882551,'2016-07-30 02:42:31','2016-07-30 02:42:31'),('k5ACq8V8JNzyOObyv6CDm6Du97DxZw9prHAeMSkg','yfMsOaLtn1RnFyAdEmTDlAsIuifw3F6sT4NVBis3',1469870293,'2016-07-29 23:18:13','2016-07-29 23:18:13'),('yFXBuaGRWX6m8vIFOVcWUXhckWjKnkqAnEwtJdVc','Yfsug1WeYbyrv0C3loSvL41UyhTOCHDhROg0zigM',1469903512,'2016-07-30 08:31:52','2016-07-30 08:31:52'),('qd6DmEK4gumoRgsX9RaubtjGR5ffCSSTorYCeXH5','yg4bEmfEoBPjyI3i6VEI0aPONHvLTSjsI3rgNGNz',1470067770,'2016-08-01 06:09:30','2016-08-01 06:09:30'),('7GEox6ngbIKnPIjF4vWRdOKlQaBtpcKIqAZFImmF','yKKs0ZTO6IpotN6wjj8CTzJ9uzG5KZjusi8LbHdM',1469794540,'2016-07-29 02:15:40','2016-07-29 02:15:40'),('eYPp4ajkRdnJyIHNfzEZfdpOQWWHckxJt0KqXhFX','yKoa9WJJXhVZSw9ywWDhOfLUmcBq2aYdcPsWuOGW',1469891339,'2016-07-30 05:08:59','2016-07-30 05:08:59'),('65paqz8E44BgRiTJ4y58XqIHNr0cAy6gPsTRB5VP','YlWdAH2fZIGr107766XBQ4FeYuonGKdA0eUfdHtA',1469793913,'2016-07-29 02:05:13','2016-07-29 02:05:13'),('dN0CeD2eXwtxTApgi7St5zf5ujtiWOZ32WbkjNJi','yn9Vgpu4J9n0VE83MSl6qQRxOklLdTyPddYcal9u',1470214032,'2016-08-02 22:47:12','2016-08-02 22:47:12'),('yfNs1LUcb6HJ8QVLdATYdIPTqQiw3twyEz8qz7ul','YnbACwR7gEe5mPbNWvHy0bILZ7111ti3VSdbsakA',1470372996,'2016-08-04 18:56:36','2016-08-04 18:56:36'),('VTHnz7UvqtkfAtyCQ6mdgEaw1aijJaCAYUpHSB1p','YqVYMSVlBw7gCknHJvZVfoD4l0fd8WNg4aUTeSe9',1470037903,'2016-07-31 21:51:43','2016-07-31 21:51:43'),('B7nNub2QOpdPpsCeRyIrjlyNeNlsTYeRyHXudfwc','ZeCYHdp04Rs5HSavAa6SOQxebnYnOaXgYOpUPFaE',1469795723,'2016-07-29 02:35:23','2016-07-29 02:35:23'),('WSov4CRdnTiDecKIKXZTBLMdtSWBtqGbm27bVEnh','zFHUSZ3UJgCXrde4DyojIUoAwWgWoCoiwlhEo4zC',1469951142,'2016-07-30 21:45:42','2016-07-30 21:45:42'),('SxtzBvA1krARswFiq74wSFvQ5WvizM4hbm1xjno9','ZGaZmCyx7uc7LjrgKDbfvlVAacaUNYp4mwS7zSpz',1470387303,'2016-08-04 22:55:03','2016-08-04 22:55:03'),('uInJ5FBST3v3xndQTqp5S4VZzb6RuBFcqhzAUOO8','ZII0UWpxmvPt9nS8eIfAGAaQrwzijekxMxR8v630',1470832101,'2016-08-10 02:28:21','2016-08-10 02:28:21'),('vfw1rYeFn3VPp23xoTTBOMebj299fGeInb8SNdKQ','zJkg4xb94Pof0gKJK6aKN5w7ebXv6MrhUtipiryc',1469947673,'2016-07-30 20:47:54','2016-07-30 20:47:54'),('At7Htbw9cAdiS6uYbSrfui5Ttn67WyiBkGbs2ZW7','zL6Q0b2sugqJAhCRGuzbL6COQdQTo975L2QdOT6Y',1470059638,'2016-08-01 03:53:58','2016-08-01 03:53:58'),('hRWjZ9iZSaiy3jV0G7YmHQYLpOqzlKwUIwO2VePI','zlgYkcutF1ZQqGgK6a9Q8j0WSmDqNL4lJqVM0uOR',1469796725,'2016-07-29 02:52:05','2016-07-29 02:52:05'),('zSwH3OQKkMRZTHoottyzvCkFfIArDa8twhAv4vmr','Zmhv9S6c08KHyierD8TZndpvYxDT4iFPbX9WXete',1469801680,'2016-07-29 04:14:40','2016-07-29 04:14:40'),('wErzlsWi4GO9km3yN5kxvjVjDInr7n3ZYO9jvDqz','zmrsYAf3qgERUL6lnH0wjisFXNH5rk2szVyac5Xj',1470388128,'2016-08-04 23:08:48','2016-08-04 23:08:48'),('drMtNjPb5IbCMfbfSrw9fGIoAmjP0zvEZA58Pind','ZMW2IC71FZgUVdiXXEmuT1JI11Zgn6cUzRUQvjxe',1470236201,'2016-08-03 04:56:41','2016-08-03 04:56:41'),('FUpWkffIekyDQURQPRW51wD5YRbUQtzbIDVKNnx3','znZZof9saZa12h4z1hXjVMuHsrLdYPc1kR5BBzNn',1470387214,'2016-08-04 22:53:34','2016-08-04 22:53:34'),('tZMKr2aFi0TLI0QeBM17uEX7HEvZDMHjoDLk0kUm','ZpQImPTdyFYRJr23fhgcYD8NuZ1byS4DGPMyWW4L',1470336890,'2016-08-04 08:54:51','2016-08-04 08:54:51'),('oZAAfpYPPoVnC6B9gKA26wMfs7WTeBq9Lk8PXSmK','ZWf2eKPWvbA2rJl8Fo8CmqOuvhD8mHXWaKueAT1C',1469941054,'2016-07-30 18:57:34','2016-07-30 18:57:34');
/*!40000 ALTER TABLE `oauth_refresh_tokens` ENABLE KEYS */;
UNLOCK TABLES;

--
-- Table structure for table `oauth_scopes`
--

DROP TABLE IF EXISTS `oauth_scopes`;
/*!40101 SET @saved_cs_client     = @@character_set_client */;
/*!40101 SET character_set_client = utf8 */;
CREATE TABLE `oauth_scopes` (
  `id` varchar(40) COLLATE utf8_unicode_ci NOT NULL,
  `description` varchar(255) COLLATE utf8_unicode_ci NOT NULL,
  `created_at` timestamp NOT NULL DEFAULT '0000-00-00 00:00:00',
  `updated_at` timestamp NOT NULL DEFAULT '0000-00-00 00:00:00',
  PRIMARY KEY (`id`)
) ENGINE=InnoDB DEFAULT CHARSET=utf8 COLLATE=utf8_unicode_ci;
/*!40101 SET character_set_client = @saved_cs_client */;

--
-- Dumping data for table `oauth_scopes`
--

LOCK TABLES `oauth_scopes` WRITE;
/*!40000 ALTER TABLE `oauth_scopes` DISABLE KEYS */;
/*!40000 ALTER TABLE `oauth_scopes` ENABLE KEYS */;
UNLOCK TABLES;

--
-- Table structure for table `oauth_session_scopes`
--

DROP TABLE IF EXISTS `oauth_session_scopes`;
/*!40101 SET @saved_cs_client     = @@character_set_client */;
/*!40101 SET character_set_client = utf8 */;
CREATE TABLE `oauth_session_scopes` (
  `id` int(10) unsigned NOT NULL AUTO_INCREMENT,
  `session_id` int(10) unsigned NOT NULL,
  `scope_id` varchar(40) COLLATE utf8_unicode_ci NOT NULL,
  `created_at` timestamp NOT NULL DEFAULT '0000-00-00 00:00:00',
  `updated_at` timestamp NOT NULL DEFAULT '0000-00-00 00:00:00',
  PRIMARY KEY (`id`),
  KEY `oauth_session_scopes_session_id_index` (`session_id`),
  KEY `oauth_session_scopes_scope_id_index` (`scope_id`),
  CONSTRAINT `oauth_session_scopes_scope_id_foreign` FOREIGN KEY (`scope_id`) REFERENCES `oauth_scopes` (`id`) ON DELETE CASCADE,
  CONSTRAINT `oauth_session_scopes_session_id_foreign` FOREIGN KEY (`session_id`) REFERENCES `oauth_sessions` (`id`) ON DELETE CASCADE
) ENGINE=InnoDB DEFAULT CHARSET=utf8 COLLATE=utf8_unicode_ci;
/*!40101 SET character_set_client = @saved_cs_client */;

--
-- Dumping data for table `oauth_session_scopes`
--

LOCK TABLES `oauth_session_scopes` WRITE;
/*!40000 ALTER TABLE `oauth_session_scopes` DISABLE KEYS */;
/*!40000 ALTER TABLE `oauth_session_scopes` ENABLE KEYS */;
UNLOCK TABLES;

--
-- Table structure for table `oauth_sessions`
--

DROP TABLE IF EXISTS `oauth_sessions`;
/*!40101 SET @saved_cs_client     = @@character_set_client */;
/*!40101 SET character_set_client = utf8 */;
CREATE TABLE `oauth_sessions` (
  `id` int(10) unsigned NOT NULL AUTO_INCREMENT,
  `client_id` varchar(40) COLLATE utf8_unicode_ci NOT NULL,
  `owner_type` enum('client','user') COLLATE utf8_unicode_ci NOT NULL DEFAULT 'user',
  `owner_id` varchar(255) COLLATE utf8_unicode_ci NOT NULL,
  `client_redirect_uri` varchar(255) COLLATE utf8_unicode_ci DEFAULT NULL,
  `created_at` timestamp NOT NULL DEFAULT '0000-00-00 00:00:00',
  `updated_at` timestamp NOT NULL DEFAULT '0000-00-00 00:00:00',
  PRIMARY KEY (`id`),
  KEY `oauth_sessions_client_id_owner_type_owner_id_index` (`client_id`,`owner_type`,`owner_id`),
  CONSTRAINT `oauth_sessions_client_id_foreign` FOREIGN KEY (`client_id`) REFERENCES `oauth_clients` (`id`) ON DELETE CASCADE ON UPDATE CASCADE
) ENGINE=InnoDB AUTO_INCREMENT=325 DEFAULT CHARSET=utf8 COLLATE=utf8_unicode_ci;
/*!40101 SET character_set_client = @saved_cs_client */;

--
-- Dumping data for table `oauth_sessions`
--

LOCK TABLES `oauth_sessions` WRITE;
/*!40000 ALTER TABLE `oauth_sessions` DISABLE KEYS */;
INSERT INTO `oauth_sessions` VALUES (1,'appid01','user','1',NULL,'2016-07-28 22:27:14','2016-07-28 22:27:14'),(2,'appid01','user','1',NULL,'2016-07-28 22:35:25','2016-07-28 22:35:25'),(3,'appid01','user','1',NULL,'2016-07-28 23:04:53','2016-07-28 23:04:53'),(4,'appid01','user','1',NULL,'2016-07-28 23:17:09','2016-07-28 23:17:09'),(5,'appid01','user','1',NULL,'2016-07-28 23:23:04','2016-07-28 23:23:04'),(6,'appid01','user','1',NULL,'2016-07-29 00:39:48','2016-07-29 00:39:48'),(7,'appid01','user','1',NULL,'2016-07-29 02:04:37','2016-07-29 02:04:37'),(8,'appid01','user','1',NULL,'2016-07-29 02:05:13','2016-07-29 02:05:13'),(9,'appid01','user','1',NULL,'2016-07-29 02:07:09','2016-07-29 02:07:09'),(10,'appid01','user','1',NULL,'2016-07-29 02:15:28','2016-07-29 02:15:28'),(11,'appid01','user','1',NULL,'2016-07-29 02:15:40','2016-07-29 02:15:40'),(12,'appid01','user','1',NULL,'2016-07-29 02:18:15','2016-07-29 02:18:15'),(13,'appid01','user','1',NULL,'2016-07-29 02:18:28','2016-07-29 02:18:28'),(14,'appid01','user','1',NULL,'2016-07-29 02:20:01','2016-07-29 02:20:01'),(15,'appid01','user','1',NULL,'2016-07-29 02:20:14','2016-07-29 02:20:14'),(16,'appid01','user','3',NULL,'2016-07-29 02:24:31','2016-07-29 02:24:31'),(17,'appid01','user','3',NULL,'2016-07-29 02:26:35','2016-07-29 02:26:35'),(18,'appid01','user','3',NULL,'2016-07-29 02:26:52','2016-07-29 02:26:52'),(19,'appid01','user','3',NULL,'2016-07-29 02:28:52','2016-07-29 02:28:52'),(20,'appid01','user','3',NULL,'2016-07-29 02:30:11','2016-07-29 02:30:11'),(21,'appid01','user','3',NULL,'2016-07-29 02:32:34','2016-07-29 02:32:34'),(22,'appid01','user','3',NULL,'2016-07-29 02:32:49','2016-07-29 02:32:49'),(23,'appid01','user','3',NULL,'2016-07-29 02:32:49','2016-07-29 02:32:49'),(24,'appid01','user','3',NULL,'2016-07-29 02:32:50','2016-07-29 02:32:50'),(25,'appid01','user','3',NULL,'2016-07-29 02:32:55','2016-07-29 02:32:55'),(26,'appid01','user','3',NULL,'2016-07-29 02:32:55','2016-07-29 02:32:55'),(27,'appid01','user','3',NULL,'2016-07-29 02:32:56','2016-07-29 02:32:56'),(28,'appid01','user','3',NULL,'2016-07-29 02:34:34','2016-07-29 02:34:34'),(29,'appid01','user','3',NULL,'2016-07-29 02:35:23','2016-07-29 02:35:23'),(30,'appid01','user','3',NULL,'2016-07-29 02:35:28','2016-07-29 02:35:28'),(31,'appid01','user','3',NULL,'2016-07-29 02:39:51','2016-07-29 02:39:51'),(32,'appid01','user','3',NULL,'2016-07-29 02:41:11','2016-07-29 02:41:11'),(33,'appid01','user','15',NULL,'2016-07-29 02:42:33','2016-07-29 02:42:33'),(34,'appid01','user','3',NULL,'2016-07-29 02:43:03','2016-07-29 02:43:03'),(35,'appid01','user','3',NULL,'2016-07-29 02:44:53','2016-07-29 02:44:53'),(36,'appid01','user','3',NULL,'2016-07-29 02:45:59','2016-07-29 02:45:59'),(37,'appid01','user','3',NULL,'2016-07-29 02:47:42','2016-07-29 02:47:42'),(38,'appid01','user','3',NULL,'2016-07-29 02:51:55','2016-07-29 02:51:55'),(39,'appid01','user','3',NULL,'2016-07-29 02:52:05','2016-07-29 02:52:05'),(40,'appid01','user','3',NULL,'2016-07-29 02:52:47','2016-07-29 02:52:47'),(41,'appid01','user','14',NULL,'2016-07-29 03:15:18','2016-07-29 03:15:18'),(42,'appid01','user','3',NULL,'2016-07-29 03:16:22','2016-07-29 03:16:22'),(43,'appid01','user','1',NULL,'2016-07-29 04:14:03','2016-07-29 04:14:03'),(44,'appid01','user','3',NULL,'2016-07-29 04:14:40','2016-07-29 04:14:40'),(45,'appid01','user','3',NULL,'2016-07-29 05:39:16','2016-07-29 05:39:16'),(46,'appid01','user','3',NULL,'2016-07-29 06:06:10','2016-07-29 06:06:10'),(47,'appid01','user','3',NULL,'2016-07-29 06:44:50','2016-07-29 06:44:50'),(48,'appid01','user','1',NULL,'2016-07-29 07:11:46','2016-07-29 07:11:46'),(49,'appid01','user','1',NULL,'2016-07-29 07:11:58','2016-07-29 07:11:58'),(50,'appid01','user','1',NULL,'2016-07-29 07:15:10','2016-07-29 07:15:10'),(51,'appid01','user','1',NULL,'2016-07-29 07:15:32','2016-07-29 07:15:32'),(52,'appid01','user','3',NULL,'2016-07-29 07:19:52','2016-07-29 07:19:52'),(53,'appid01','user','3',NULL,'2016-07-29 07:48:21','2016-07-29 07:48:21'),(54,'appid01','user','1',NULL,'2016-07-29 08:17:03','2016-07-29 08:17:03'),(55,'appid01','user','1',NULL,'2016-07-29 09:17:51','2016-07-29 09:17:51'),(56,'appid01','user','3',NULL,'2016-07-29 19:29:45','2016-07-29 19:29:45'),(57,'appid01','user','1',NULL,'2016-07-29 20:21:08','2016-07-29 20:21:08'),(58,'appid01','user','1',NULL,'2016-07-29 21:12:39','2016-07-29 21:12:39'),(59,'appid01','user','3',NULL,'2016-07-29 21:23:06','2016-07-29 21:23:06'),(60,'appid01','user','1',NULL,'2016-07-29 22:03:50','2016-07-29 22:03:50'),(61,'appid01','user','1',NULL,'2016-07-29 22:08:15','2016-07-29 22:08:15'),(62,'appid01','user','3',NULL,'2016-07-29 22:24:27','2016-07-29 22:24:27'),(63,'appid01','user','1',NULL,'2016-07-29 23:18:13','2016-07-29 23:18:13'),(64,'appid01','user','1',NULL,'2016-07-30 00:04:34','2016-07-30 00:04:34'),(65,'appid01','user','3',NULL,'2016-07-30 00:09:36','2016-07-30 00:09:36'),(66,'appid01','user','1',NULL,'2016-07-30 00:17:19','2016-07-30 00:17:19'),(67,'appid01','user','1',NULL,'2016-07-30 00:17:35','2016-07-30 00:17:35'),(68,'appid01','user','3',NULL,'2016-07-30 01:11:52','2016-07-30 01:11:52'),(69,'appid01','user','1',NULL,'2016-07-30 01:12:05','2016-07-30 01:12:05'),(70,'appid01','user','1',NULL,'2016-07-30 01:40:25','2016-07-30 01:40:25'),(71,'appid01','user','1',NULL,'2016-07-30 01:50:17','2016-07-30 01:50:17'),(72,'appid01','user','3',NULL,'2016-07-30 01:50:42','2016-07-30 01:50:42'),(73,'appid01','user','1',NULL,'2016-07-30 02:03:05','2016-07-30 02:03:05'),(74,'appid01','user','1',NULL,'2016-07-30 02:42:31','2016-07-30 02:42:31'),(75,'appid01','user','3',NULL,'2016-07-30 02:43:18','2016-07-30 02:43:18'),(76,'appid01','user','1',NULL,'2016-07-30 03:19:51','2016-07-30 03:19:51'),(77,'appid01','user','3',NULL,'2016-07-30 03:21:53','2016-07-30 03:21:53'),(78,'appid01','user','1',NULL,'2016-07-30 03:43:14','2016-07-30 03:43:14'),(79,'appid01','user','1',NULL,'2016-07-30 03:56:14','2016-07-30 03:56:14'),(80,'appid01','user','1',NULL,'2016-07-30 04:25:47','2016-07-30 04:25:47'),(81,'appid01','user','3',NULL,'2016-07-30 04:29:15','2016-07-30 04:29:15'),(82,'appid01','user','1',NULL,'2016-07-30 04:29:59','2016-07-30 04:29:59'),(83,'appid01','user','1',NULL,'2016-07-30 05:08:07','2016-07-30 05:08:07'),(84,'appid01','user','3',NULL,'2016-07-30 05:08:59','2016-07-30 05:08:59'),(85,'appid01','user','1',NULL,'2016-07-30 05:43:16','2016-07-30 05:43:16'),(86,'appid01','user','1',NULL,'2016-07-30 05:45:06','2016-07-30 05:45:06'),(87,'appid01','user','1',NULL,'2016-07-30 06:09:50','2016-07-30 06:09:50'),(88,'appid01','user','1',NULL,'2016-07-30 06:21:22','2016-07-30 06:21:22'),(89,'appid01','user','1',NULL,'2016-07-30 06:53:53','2016-07-30 06:53:53'),(90,'appid01','user','1',NULL,'2016-07-30 06:57:22','2016-07-30 06:57:22'),(91,'appid01','user','3',NULL,'2016-07-30 06:57:50','2016-07-30 06:57:50'),(92,'appid01','user','1',NULL,'2016-07-30 07:04:05','2016-07-30 07:04:05'),(93,'appid01','user','1',NULL,'2016-07-30 07:08:20','2016-07-30 07:08:20'),(94,'appid01','user','1',NULL,'2016-07-30 07:32:18','2016-07-30 07:32:18'),(95,'appid01','user','1',NULL,'2016-07-30 07:32:46','2016-07-30 07:32:46'),(96,'appid01','user','1',NULL,'2016-07-30 07:33:08','2016-07-30 07:33:08'),(97,'appid01','user','3',NULL,'2016-07-30 07:33:31','2016-07-30 07:33:31'),(98,'appid01','user','3',NULL,'2016-07-30 08:29:47','2016-07-30 08:29:47'),(99,'appid01','user','1',NULL,'2016-07-30 08:31:52','2016-07-30 08:31:52'),(100,'appid01','user','1',NULL,'2016-07-30 08:38:14','2016-07-30 08:38:14'),(101,'appid01','user','3',NULL,'2016-07-30 08:38:36','2016-07-30 08:38:36'),(102,'appid01','user','1',NULL,'2016-07-30 08:42:32','2016-07-30 08:42:32'),(103,'appid01','user','3',NULL,'2016-07-30 18:53:59','2016-07-30 18:53:59'),(104,'appid01','user','3',NULL,'2016-07-30 18:57:09','2016-07-30 18:57:09'),(105,'appid01','user','1',NULL,'2016-07-30 18:57:34','2016-07-30 18:57:34'),(106,'appid01','user','3',NULL,'2016-07-30 19:08:57','2016-07-30 19:08:57'),(107,'appid01','user','1',NULL,'2016-07-30 20:45:21','2016-07-30 20:45:21'),(108,'appid01','user','1',NULL,'2016-07-30 20:46:56','2016-07-30 20:46:56'),(109,'appid01','user','3',NULL,'2016-07-30 20:47:25','2016-07-30 20:47:25'),(110,'appid01','user','3',NULL,'2016-07-30 20:47:36','2016-07-30 20:47:36'),(111,'appid01','user','3',NULL,'2016-07-30 20:47:53','2016-07-30 20:47:53'),(112,'appid01','user','1',NULL,'2016-07-30 20:49:38','2016-07-30 20:49:38'),(113,'appid01','user','1',NULL,'2016-07-30 20:53:33','2016-07-30 20:53:33'),(114,'appid01','user','1',NULL,'2016-07-30 20:55:16','2016-07-30 20:55:16'),(115,'appid01','user','3',NULL,'2016-07-30 20:56:06','2016-07-30 20:56:06'),(116,'appid01','user','1',NULL,'2016-07-30 21:00:53','2016-07-30 21:00:53'),(117,'appid01','user','1',NULL,'2016-07-30 21:02:27','2016-07-30 21:02:27'),(118,'appid01','user','1',NULL,'2016-07-30 21:06:16','2016-07-30 21:06:16'),(119,'appid01','user','1',NULL,'2016-07-30 21:13:30','2016-07-30 21:13:30'),(120,'appid01','user','1',NULL,'2016-07-30 21:15:32','2016-07-30 21:15:32'),(121,'appid01','user','1',NULL,'2016-07-30 21:21:42','2016-07-30 21:21:42'),(122,'appid01','user','1',NULL,'2016-07-30 21:45:42','2016-07-30 21:45:42'),(123,'appid01','user','3',NULL,'2016-07-30 21:46:08','2016-07-30 21:46:08'),(124,'appid01','user','3',NULL,'2016-07-30 21:53:15','2016-07-30 21:53:15'),(125,'appid01','user','3',NULL,'2016-07-30 22:47:39','2016-07-30 22:47:39'),(126,'appid01','user','1',NULL,'2016-07-30 22:48:52','2016-07-30 22:48:52'),(127,'appid01','user','1',NULL,'2016-07-30 23:07:48','2016-07-30 23:07:48'),(128,'appid01','user','1',NULL,'2016-07-30 23:10:19','2016-07-30 23:10:19'),(129,'appid01','user','1',NULL,'2016-07-30 23:11:27','2016-07-30 23:11:27'),(130,'appid01','user','1',NULL,'2016-07-30 23:54:32','2016-07-30 23:54:32'),(131,'appid01','user','1',NULL,'2016-07-31 02:05:22','2016-07-31 02:05:22'),(132,'appid01','user','1',NULL,'2016-07-31 03:07:22','2016-07-31 03:07:22'),(133,'appid01','user','1',NULL,'2016-07-31 03:20:59','2016-07-31 03:20:59'),(134,'appid01','user','1',NULL,'2016-07-31 03:54:18','2016-07-31 03:54:18'),(135,'appid01','user','1',NULL,'2016-07-31 04:07:44','2016-07-31 04:07:44'),(136,'appid01','user','1',NULL,'2016-07-31 04:09:38','2016-07-31 04:09:38'),(137,'appid01','user','1',NULL,'2016-07-31 04:11:24','2016-07-31 04:11:24'),(138,'appid01','user','1',NULL,'2016-07-31 04:30:44','2016-07-31 04:30:44'),(139,'appid01','user','1',NULL,'2016-07-31 04:43:37','2016-07-31 04:43:37'),(140,'appid01','user','1',NULL,'2016-07-31 05:05:44','2016-07-31 05:05:44'),(141,'appid01','user','1',NULL,'2016-07-31 05:13:11','2016-07-31 05:13:11'),(142,'appid01','user','1',NULL,'2016-07-31 05:16:02','2016-07-31 05:16:02'),(143,'appid01','user','1',NULL,'2016-07-31 05:24:50','2016-07-31 05:24:50'),(144,'appid01','user','1',NULL,'2016-07-31 05:42:57','2016-07-31 05:42:57'),(145,'appid01','user','1',NULL,'2016-07-31 06:27:48','2016-07-31 06:27:48'),(146,'appid01','user','1',NULL,'2016-07-31 06:28:55','2016-07-31 06:28:55'),(147,'appid01','user','1',NULL,'2016-07-31 06:36:56','2016-07-31 06:36:56'),(148,'appid01','user','1',NULL,'2016-07-31 07:01:49','2016-07-31 07:01:49'),(149,'appid01','user','3',NULL,'2016-07-31 07:08:33','2016-07-31 07:08:33'),(150,'appid01','user','1',NULL,'2016-07-31 07:13:42','2016-07-31 07:13:42'),(151,'appid01','user','1',NULL,'2016-07-31 07:40:09','2016-07-31 07:40:09'),(152,'appid01','user','1',NULL,'2016-07-31 07:41:43','2016-07-31 07:41:43'),(153,'appid01','user','1',NULL,'2016-07-31 08:24:51','2016-07-31 08:24:51'),(154,'appid01','user','3',NULL,'2016-07-31 08:38:02','2016-07-31 08:38:02'),(155,'appid01','user','1',NULL,'2016-07-31 08:44:04','2016-07-31 08:44:04'),(156,'appid01','user','1',NULL,'2016-07-31 08:44:05','2016-07-31 08:44:05'),(157,'appid01','user','1',NULL,'2016-07-31 09:14:00','2016-07-31 09:14:00'),(158,'appid01','user','1',NULL,'2016-07-31 16:05:39','2016-07-31 16:05:39'),(159,'appid01','user','3',NULL,'2016-07-31 16:35:43','2016-07-31 16:35:43'),(160,'appid01','user','1',NULL,'2016-07-31 16:58:24','2016-07-31 16:58:24'),(161,'appid01','user','3',NULL,'2016-07-31 17:36:19','2016-07-31 17:36:19'),(162,'appid01','user','1',NULL,'2016-07-31 17:36:32','2016-07-31 17:36:32'),(163,'appid01','user','1',NULL,'2016-07-31 17:44:56','2016-07-31 17:44:56'),(164,'appid01','user','1',NULL,'2016-07-31 17:44:57','2016-07-31 17:44:57'),(165,'appid01','user','1',NULL,'2016-07-31 18:02:38','2016-07-31 18:02:38'),(166,'appid01','user','1',NULL,'2016-07-31 20:40:55','2016-07-31 20:40:55'),(167,'appid01','user','1',NULL,'2016-07-31 21:17:52','2016-07-31 21:17:52'),(168,'appid01','user','1',NULL,'2016-07-31 21:48:16','2016-07-31 21:48:16'),(169,'appid01','user','3',NULL,'2016-07-31 21:51:43','2016-07-31 21:51:43'),(170,'appid01','user','3',NULL,'2016-07-31 21:55:41','2016-07-31 21:55:41'),(171,'appid01','user','1',NULL,'2016-08-01 00:04:16','2016-08-01 00:04:16'),(172,'appid01','user','1',NULL,'2016-08-01 00:23:33','2016-08-01 00:23:33'),(173,'appid01','user','1',NULL,'2016-08-01 01:07:04','2016-08-01 01:07:04'),(174,'appid01','user','1',NULL,'2016-08-01 03:10:16','2016-08-01 03:10:16'),(175,'appid01','user','1',NULL,'2016-08-01 03:27:31','2016-08-01 03:27:31'),(176,'appid01','user','1',NULL,'2016-08-01 03:28:30','2016-08-01 03:28:30'),(177,'appid01','user','1',NULL,'2016-08-01 03:47:35','2016-08-01 03:47:35'),(178,'appid01','user','1',NULL,'2016-08-01 03:53:57','2016-08-01 03:53:57'),(179,'appid01','user','1',NULL,'2016-08-01 03:53:58','2016-08-01 03:53:58'),(180,'appid01','user','1',NULL,'2016-08-01 04:59:12','2016-08-01 04:59:12'),(181,'appid01','user','1',NULL,'2016-08-01 05:18:11','2016-08-01 05:18:11'),(182,'appid01','user','1',NULL,'2016-08-01 05:27:17','2016-08-01 05:27:17'),(183,'appid01','user','1',NULL,'2016-08-01 05:57:59','2016-08-01 05:57:59'),(184,'appid01','user','1',NULL,'2016-08-01 05:59:00','2016-08-01 05:59:00'),(185,'appid01','user','1',NULL,'2016-08-01 05:59:03','2016-08-01 05:59:03'),(186,'appid01','user','1',NULL,'2016-08-01 06:03:37','2016-08-01 06:03:37'),(187,'appid01','user','1',NULL,'2016-08-01 06:04:08','2016-08-01 06:04:08'),(188,'appid01','user','1',NULL,'2016-08-01 06:04:50','2016-08-01 06:04:50'),(189,'appid01','user','1',NULL,'2016-08-01 06:09:30','2016-08-01 06:09:30'),(190,'appid01','user','1',NULL,'2016-08-01 06:12:19','2016-08-01 06:12:19'),(191,'appid01','user','1',NULL,'2016-08-01 06:13:01','2016-08-01 06:13:01'),(192,'appid01','user','1',NULL,'2016-08-01 06:14:55','2016-08-01 06:14:55'),(193,'appid01','user','1',NULL,'2016-08-01 06:18:28','2016-08-01 06:18:28'),(194,'appid01','user','1',NULL,'2016-08-01 06:22:50','2016-08-01 06:22:50'),(195,'appid01','user','1',NULL,'2016-08-01 06:22:54','2016-08-01 06:22:54'),(196,'appid01','user','1',NULL,'2016-08-01 06:42:43','2016-08-01 06:42:43'),(197,'appid01','user','1',NULL,'2016-08-01 06:47:06','2016-08-01 06:47:06'),(198,'appid01','user','1',NULL,'2016-08-01 06:49:34','2016-08-01 06:49:34'),(199,'appid01','user','1',NULL,'2016-08-01 06:55:00','2016-08-01 06:55:00'),(200,'appid01','user','1',NULL,'2016-08-01 06:55:38','2016-08-01 06:55:38'),(201,'appid01','user','1',NULL,'2016-08-01 19:04:09','2016-08-01 19:04:09'),(202,'appid01','user','1',NULL,'2016-08-01 19:04:10','2016-08-01 19:04:10'),(203,'appid01','user','1',NULL,'2016-08-01 19:04:10','2016-08-01 19:04:10'),(204,'appid01','user','1',NULL,'2016-08-01 19:04:11','2016-08-01 19:04:11'),(205,'appid01','user','1',NULL,'2016-08-01 19:04:26','2016-08-01 19:04:26'),(206,'appid01','user','1',NULL,'2016-08-01 19:04:54','2016-08-01 19:04:54'),(207,'appid01','user','1',NULL,'2016-08-01 19:06:34','2016-08-01 19:06:34'),(208,'appid01','user','1',NULL,'2016-08-01 19:44:11','2016-08-01 19:44:11'),(209,'appid01','user','1',NULL,'2016-08-01 20:12:12','2016-08-01 20:12:12'),(210,'appid01','user','1',NULL,'2016-08-01 20:26:28','2016-08-01 20:26:28'),(211,'appid01','user','1',NULL,'2016-08-01 20:37:05','2016-08-01 20:37:05'),(212,'appid01','user','1',NULL,'2016-08-01 21:20:02','2016-08-01 21:20:02'),(213,'appid01','user','1',NULL,'2016-08-01 21:40:18','2016-08-01 21:40:18'),(214,'appid01','user','1',NULL,'2016-08-01 21:41:29','2016-08-01 21:41:29'),(215,'appid01','user','1',NULL,'2016-08-01 21:41:32','2016-08-01 21:41:32'),(216,'appid01','user','3',NULL,'2016-08-01 22:05:06','2016-08-01 22:05:06'),(217,'appid01','user','1',NULL,'2016-08-01 22:08:30','2016-08-01 22:08:30'),(218,'appid01','user','1',NULL,'2016-08-01 22:08:31','2016-08-01 22:08:31'),(219,'appid01','user','1',NULL,'2016-08-01 22:11:51','2016-08-01 22:11:51'),(220,'appid01','user','1',NULL,'2016-08-01 22:12:00','2016-08-01 22:12:00'),(221,'appid01','user','1',NULL,'2016-08-01 22:12:01','2016-08-01 22:12:01'),(222,'appid01','user','1',NULL,'2016-08-01 22:35:02','2016-08-01 22:35:02'),(223,'appid01','user','1',NULL,'2016-08-01 22:40:39','2016-08-01 22:40:39'),(224,'appid01','user','3',NULL,'2016-08-01 22:42:11','2016-08-01 22:42:11'),(225,'appid01','user','1',NULL,'2016-08-01 22:47:51','2016-08-01 22:47:51'),(226,'appid01','user','1',NULL,'2016-08-01 23:55:59','2016-08-01 23:55:59'),(227,'appid01','user','1',NULL,'2016-08-02 00:32:08','2016-08-02 00:32:08'),(228,'appid01','user','1',NULL,'2016-08-02 01:05:42','2016-08-02 01:05:42'),(229,'appid01','user','1',NULL,'2016-08-02 04:52:11','2016-08-02 04:52:11'),(230,'appid01','user','1',NULL,'2016-08-02 05:26:07','2016-08-02 05:26:07'),(231,'appid01','user','1',NULL,'2016-08-02 06:26:43','2016-08-02 06:26:43'),(232,'appid01','user','1',NULL,'2016-08-02 06:26:44','2016-08-02 06:26:44'),(233,'appid01','user','1',NULL,'2016-08-02 07:32:16','2016-08-02 07:32:16'),(234,'appid01','user','1',NULL,'2016-08-02 07:38:28','2016-08-02 07:38:28'),(235,'appid01','user','1',NULL,'2016-08-02 07:42:16','2016-08-02 07:42:16'),(236,'appid01','user','1',NULL,'2016-08-02 07:42:17','2016-08-02 07:42:17'),(237,'appid01','user','1',NULL,'2016-08-02 07:52:24','2016-08-02 07:52:24'),(238,'appid01','user','1',NULL,'2016-08-02 08:36:30','2016-08-02 08:36:30'),(239,'appid01','user','1',NULL,'2016-08-02 08:46:50','2016-08-02 08:46:50'),(240,'appid01','user','1',NULL,'2016-08-02 08:53:49','2016-08-02 08:53:49'),(241,'appid01','user','1',NULL,'2016-08-02 22:01:45','2016-08-02 22:01:45'),(242,'appid01','user','1',NULL,'2016-08-02 22:01:45','2016-08-02 22:01:45'),(243,'appid01','user','3',NULL,'2016-08-02 22:07:24','2016-08-02 22:07:24'),(244,'appid01','user','1',NULL,'2016-08-02 22:25:42','2016-08-02 22:25:42'),(245,'appid01','user','1',NULL,'2016-08-02 22:25:42','2016-08-02 22:25:42'),(246,'appid01','user','1',NULL,'2016-08-02 22:27:16','2016-08-02 22:27:16'),(247,'appid01','user','3',NULL,'2016-08-02 22:39:45','2016-08-02 22:39:45'),(248,'appid01','user','1',NULL,'2016-08-02 22:47:12','2016-08-02 22:47:12'),(249,'appid01','user','1',NULL,'2016-08-02 22:48:36','2016-08-02 22:48:36'),(250,'appid01','user','1',NULL,'2016-08-03 00:33:00','2016-08-03 00:33:00'),(251,'appid01','user','1',NULL,'2016-08-03 00:52:28','2016-08-03 00:52:28'),(252,'appid01','user','1',NULL,'2016-08-03 00:59:50','2016-08-03 00:59:50'),(253,'appid01','user','1',NULL,'2016-08-03 03:56:26','2016-08-03 03:56:26'),(254,'appid01','user','1',NULL,'2016-08-03 04:56:41','2016-08-03 04:56:41'),(255,'appid01','user','1',NULL,'2016-08-03 05:56:54','2016-08-03 05:56:54'),(256,'appid01','user','1',NULL,'2016-08-03 06:57:21','2016-08-03 06:57:21'),(257,'appid01','user','1',NULL,'2016-08-03 07:57:28','2016-08-03 07:57:28'),(258,'appid01','user','1',NULL,'2016-08-03 08:57:52','2016-08-03 08:57:52'),(259,'appid01','user','1',NULL,'2016-08-03 09:58:53','2016-08-03 09:58:53'),(260,'appid01','user','1',NULL,'2016-08-03 09:58:54','2016-08-03 09:58:54'),(261,'appid01','user','1',NULL,'2016-08-03 22:16:14','2016-08-03 22:16:14'),(262,'appid01','user','1',NULL,'2016-08-03 22:16:15','2016-08-03 22:16:15'),(263,'appid01','user','1',NULL,'2016-08-03 22:16:15','2016-08-03 22:16:15'),(264,'appid01','user','1',NULL,'2016-08-03 22:17:41','2016-08-03 22:17:41'),(265,'appid01','user','1',NULL,'2016-08-03 22:17:42','2016-08-03 22:17:42'),(266,'appid01','user','1',NULL,'2016-08-03 23:02:12','2016-08-03 23:02:12'),(267,'appid01','user','1',NULL,'2016-08-04 00:42:44','2016-08-04 00:42:44'),(268,'appid01','user','1',NULL,'2016-08-04 01:46:59','2016-08-04 01:46:59'),(269,'appid01','user','1',NULL,'2016-08-04 02:04:26','2016-08-04 02:04:26'),(270,'appid01','user','1',NULL,'2016-08-04 03:20:13','2016-08-04 03:20:13'),(271,'appid01','user','1',NULL,'2016-08-04 05:35:49','2016-08-04 05:35:49'),(272,'appid01','user','1',NULL,'2016-08-04 05:51:44','2016-08-04 05:51:44'),(273,'appid01','user','1',NULL,'2016-08-04 05:51:45','2016-08-04 05:51:45'),(274,'appid01','user','19',NULL,'2016-08-04 08:42:32','2016-08-04 08:42:32'),(275,'appid01','user','19',NULL,'2016-08-04 08:46:13','2016-08-04 08:46:13'),(276,'appid01','user','1',NULL,'2016-08-04 08:50:15','2016-08-04 08:50:15'),(277,'appid01','user','2',NULL,'2016-08-04 08:52:22','2016-08-04 08:52:22'),(278,'appid01','user','1',NULL,'2016-08-04 08:53:42','2016-08-04 08:53:42'),(279,'appid01','user','1',NULL,'2016-08-04 08:54:50','2016-08-04 08:54:50'),(280,'appid01','user','19',NULL,'2016-08-04 08:57:23','2016-08-04 08:57:23'),(281,'appid01','user','20',NULL,'2016-08-04 08:59:54','2016-08-04 08:59:54'),(282,'appid01','user','20',NULL,'2016-08-04 08:59:55','2016-08-04 08:59:55'),(283,'appid01','user','20',NULL,'2016-08-04 09:01:58','2016-08-04 09:01:58'),(284,'appid01','user','21',NULL,'2016-08-04 18:11:43','2016-08-04 18:11:43'),(285,'appid01','user','21',NULL,'2016-08-04 18:14:38','2016-08-04 18:14:38'),(286,'appid01','user','21',NULL,'2016-08-04 18:23:09','2016-08-04 18:23:09'),(287,'appid01','user','21',NULL,'2016-08-04 18:24:30','2016-08-04 18:24:30'),(288,'appid01','user','1',NULL,'2016-08-04 18:31:30','2016-08-04 18:31:30'),(289,'appid01','user','21',NULL,'2016-08-04 18:56:36','2016-08-04 18:56:36'),(290,'appid01','user','21',NULL,'2016-08-04 18:58:41','2016-08-04 18:58:41'),(291,'appid01','user','19',NULL,'2016-08-04 19:04:23','2016-08-04 19:04:23'),(292,'appid01','user','1',NULL,'2016-08-04 20:22:57','2016-08-04 20:22:57'),(293,'appid01','user','1',NULL,'2016-08-04 21:56:05','2016-08-04 21:56:05'),(294,'appid01','user','1',NULL,'2016-08-04 21:56:07','2016-08-04 21:56:07'),(295,'appid01','user','1',NULL,'2016-08-04 21:57:03','2016-08-04 21:57:03'),(296,'appid01','user','1',NULL,'2016-08-04 22:04:16','2016-08-04 22:04:16'),(297,'appid01','user','1',NULL,'2016-08-04 22:04:55','2016-08-04 22:04:55'),(298,'appid01','user','1',NULL,'2016-08-04 22:50:16','2016-08-04 22:50:16'),(299,'appid01','user','3',NULL,'2016-08-04 22:53:34','2016-08-04 22:53:34'),(300,'appid01','user','3',NULL,'2016-08-04 22:55:03','2016-08-04 22:55:03'),(301,'appid01','user','3',NULL,'2016-08-04 22:55:13','2016-08-04 22:55:13'),(302,'appid01','user','1',NULL,'2016-08-04 23:03:45','2016-08-04 23:03:45'),(303,'appid01','user','3',NULL,'2016-08-04 23:05:50','2016-08-04 23:05:50'),(304,'appid01','user','1',NULL,'2016-08-04 23:08:48','2016-08-04 23:08:48'),(305,'appid01','user','1',NULL,'2016-08-08 16:58:37','2016-08-08 16:58:37'),(306,'appid01','user','3',NULL,'2016-08-08 17:06:45','2016-08-08 17:06:45'),(307,'appid01','user','1',NULL,'2016-08-08 17:12:35','2016-08-08 17:12:35'),(308,'appid01','user','3',NULL,'2016-08-08 17:19:51','2016-08-08 17:19:51'),(309,'appid01','user','3',NULL,'2016-08-08 17:19:51','2016-08-08 17:19:51'),(310,'appid01','user','1',NULL,'2016-08-09 00:22:26','2016-08-09 00:22:26'),(311,'appid01','user','1',NULL,'2016-08-09 23:41:47','2016-08-09 23:41:47'),(312,'appid01','user','1',NULL,'2016-08-10 00:05:26','2016-08-10 00:05:26'),(313,'appid01','user','3',NULL,'2016-08-10 00:06:22','2016-08-10 00:06:22'),(314,'appid01','user','3',NULL,'2016-08-10 00:06:25','2016-08-10 00:06:25'),(315,'appid01','user','1',NULL,'2016-08-10 02:21:19','2016-08-10 02:21:19'),(316,'appid01','user','1',NULL,'2016-08-10 02:28:21','2016-08-10 02:28:21'),(317,'appid01','user','1',NULL,'2016-08-10 03:28:03','2016-08-10 03:28:03'),(318,'appid01','user','1',NULL,'2016-08-11 02:14:01','2016-08-11 02:14:01'),(319,'appid01','user','1',NULL,'2016-08-11 02:14:02','2016-08-11 02:14:02'),(320,'appid01','user','2',NULL,'2016-08-11 02:19:40','2016-08-11 02:19:40'),(321,'appid01','user','2',NULL,'2016-08-11 02:29:59','2016-08-11 02:29:59'),(322,'appid01','user','1',NULL,'2016-08-11 02:30:08','2016-08-11 02:30:08'),(323,'appid01','user','2',NULL,'2016-08-11 02:31:30','2016-08-11 02:31:30'),(324,'appid01','user','2',NULL,'2016-08-11 02:31:53','2016-08-11 02:31:53');
/*!40000 ALTER TABLE `oauth_sessions` ENABLE KEYS */;
UNLOCK TABLES;

--
-- Table structure for table `password_resets`
--

DROP TABLE IF EXISTS `password_resets`;
/*!40101 SET @saved_cs_client     = @@character_set_client */;
/*!40101 SET character_set_client = utf8 */;
CREATE TABLE `password_resets` (
  `email` varchar(255) COLLATE utf8_unicode_ci NOT NULL,
  `token` varchar(255) COLLATE utf8_unicode_ci NOT NULL,
  `created_at` timestamp NOT NULL DEFAULT '0000-00-00 00:00:00',
  KEY `password_resets_email_index` (`email`),
  KEY `password_resets_token_index` (`token`)
) ENGINE=InnoDB DEFAULT CHARSET=utf8 COLLATE=utf8_unicode_ci;
/*!40101 SET character_set_client = @saved_cs_client */;

--
-- Dumping data for table `password_resets`
--

LOCK TABLES `password_resets` WRITE;
/*!40000 ALTER TABLE `password_resets` DISABLE KEYS */;
/*!40000 ALTER TABLE `password_resets` ENABLE KEYS */;
UNLOCK TABLES;

--
-- Table structure for table `pedido_items`
--

DROP TABLE IF EXISTS `pedido_items`;
/*!40101 SET @saved_cs_client     = @@character_set_client */;
/*!40101 SET character_set_client = utf8 */;
CREATE TABLE `pedido_items` (
  `id` int(10) unsigned NOT NULL AUTO_INCREMENT,
  `produto_id` int(10) unsigned NOT NULL,
  `pedido_id` int(10) unsigned NOT NULL,
  `preco` decimal(8,2) NOT NULL,
  `qtd` smallint(6) NOT NULL,
  `meia` smallint(6) DEFAULT NULL,
  `obs` varchar(255) COLLATE utf8_unicode_ci DEFAULT NULL,
  `created_at` timestamp NOT NULL DEFAULT '0000-00-00 00:00:00',
  `updated_at` timestamp NOT NULL DEFAULT '0000-00-00 00:00:00',
  PRIMARY KEY (`id`),
  KEY `pedido_items_produto_id_foreign` (`produto_id`),
  KEY `pedido_items_pedido_id_foreign` (`pedido_id`),
  CONSTRAINT `pedido_items_pedido_id_foreign` FOREIGN KEY (`pedido_id`) REFERENCES `pedidos` (`id`),
  CONSTRAINT `pedido_items_produto_id_foreign` FOREIGN KEY (`produto_id`) REFERENCES `produtos` (`id`)
) ENGINE=InnoDB AUTO_INCREMENT=305 DEFAULT CHARSET=utf8 COLLATE=utf8_unicode_ci;
/*!40101 SET character_set_client = @saved_cs_client */;

--
-- Dumping data for table `pedido_items`
--

LOCK TABLES `pedido_items` WRITE;
/*!40000 ALTER TABLE `pedido_items` DISABLE KEYS */;
INSERT INTO `pedido_items` VALUES (1,4,1,50.00,2,NULL,NULL,'2016-07-28 22:26:34','2016-07-28 22:26:34'),(2,5,1,50.00,2,NULL,NULL,'2016-07-28 22:26:34','2016-07-28 22:26:34'),(3,2,1,50.00,2,NULL,NULL,'2016-07-28 22:26:34','2016-07-28 22:26:34'),(4,2,1,50.00,2,NULL,NULL,'2016-07-28 22:26:34','2016-07-28 22:26:34'),(5,1,2,50.00,2,NULL,NULL,'2016-07-28 22:26:34','2016-07-28 22:26:34'),(6,2,2,50.00,2,NULL,NULL,'2016-07-28 22:26:34','2016-07-28 22:26:34'),(7,2,2,50.00,2,NULL,NULL,'2016-07-28 22:26:34','2016-07-28 22:26:34'),(8,4,2,50.00,2,NULL,NULL,'2016-07-28 22:26:35','2016-07-28 22:26:35'),(9,1,3,50.00,2,NULL,NULL,'2016-07-28 22:26:35','2016-07-28 22:26:35'),(10,5,3,50.00,2,NULL,NULL,'2016-07-28 22:26:35','2016-07-28 22:26:35'),(11,2,3,50.00,2,NULL,NULL,'2016-07-28 22:26:35','2016-07-28 22:26:35'),(12,2,3,50.00,2,NULL,NULL,'2016-07-28 22:26:35','2016-07-28 22:26:35'),(13,3,4,50.00,2,NULL,NULL,'2016-07-28 22:26:35','2016-07-28 22:26:35'),(14,3,4,50.00,2,NULL,NULL,'2016-07-28 22:26:35','2016-07-28 22:26:35'),(15,1,4,50.00,2,NULL,NULL,'2016-07-28 22:26:35','2016-07-28 22:26:35'),(16,4,4,50.00,2,NULL,NULL,'2016-07-28 22:26:35','2016-07-28 22:26:35'),(17,5,5,50.00,2,NULL,NULL,'2016-07-28 22:26:35','2016-07-28 22:26:35'),(18,5,5,50.00,2,NULL,NULL,'2016-07-28 22:26:35','2016-07-28 22:26:35'),(19,4,5,50.00,2,NULL,NULL,'2016-07-28 22:26:35','2016-07-28 22:26:35'),(20,1,5,50.00,2,NULL,NULL,'2016-07-28 22:26:35','2016-07-28 22:26:35'),(21,3,6,50.00,2,NULL,NULL,'2016-07-28 22:26:35','2016-07-28 22:26:35'),(22,3,6,50.00,2,NULL,NULL,'2016-07-28 22:26:35','2016-07-28 22:26:35'),(23,4,6,50.00,2,NULL,NULL,'2016-07-28 22:26:35','2016-07-28 22:26:35'),(24,1,6,50.00,2,NULL,NULL,'2016-07-28 22:26:35','2016-07-28 22:26:35'),(25,2,7,50.00,2,NULL,NULL,'2016-07-28 22:26:35','2016-07-28 22:26:35'),(26,1,7,50.00,2,NULL,NULL,'2016-07-28 22:26:35','2016-07-28 22:26:35'),(27,4,7,50.00,2,NULL,NULL,'2016-07-28 22:26:35','2016-07-28 22:26:35'),(28,3,7,50.00,2,NULL,NULL,'2016-07-28 22:26:35','2016-07-28 22:26:35'),(29,5,8,50.00,2,NULL,NULL,'2016-07-28 22:26:35','2016-07-28 22:26:35'),(30,1,8,50.00,2,NULL,NULL,'2016-07-28 22:26:35','2016-07-28 22:26:35'),(31,3,8,50.00,2,NULL,NULL,'2016-07-28 22:26:35','2016-07-28 22:26:35'),(32,5,8,50.00,2,NULL,NULL,'2016-07-28 22:26:35','2016-07-28 22:26:35'),(33,1,9,50.00,2,NULL,NULL,'2016-07-28 22:26:35','2016-07-28 22:26:35'),(34,3,9,50.00,2,NULL,NULL,'2016-07-28 22:26:35','2016-07-28 22:26:35'),(35,1,9,50.00,2,NULL,NULL,'2016-07-28 22:26:35','2016-07-28 22:26:35'),(36,3,9,50.00,2,NULL,NULL,'2016-07-28 22:26:35','2016-07-28 22:26:35'),(37,1,10,50.00,2,NULL,NULL,'2016-07-28 22:26:35','2016-07-28 22:26:35'),(38,3,10,50.00,2,NULL,NULL,'2016-07-28 22:26:35','2016-07-28 22:26:35'),(39,3,10,50.00,2,NULL,NULL,'2016-07-28 22:26:36','2016-07-28 22:26:36'),(40,1,10,50.00,2,NULL,NULL,'2016-07-28 22:26:36','2016-07-28 22:26:36'),(41,45,11,13.00,1,NULL,NULL,'2016-07-28 22:28:02','2016-07-28 22:28:02'),(42,41,12,21.00,1,NULL,NULL,'2016-07-28 23:06:07','2016-07-28 23:06:07'),(43,41,13,21.00,1,NULL,NULL,'2016-07-28 23:21:27','2016-07-28 23:21:27'),(44,43,14,37.00,1,NULL,NULL,'2016-07-28 23:25:01','2016-07-28 23:25:01'),(45,41,14,21.00,1,NULL,NULL,'2016-07-28 23:25:01','2016-07-28 23:25:01'),(46,45,14,13.00,1,NULL,NULL,'2016-07-28 23:25:01','2016-07-28 23:25:01'),(47,41,15,21.00,1,NULL,NULL,'2016-07-29 07:12:52','2016-07-29 07:12:52'),(48,41,16,21.00,2,1,NULL,'2016-07-30 02:35:49','2016-07-30 02:35:49'),(49,45,16,13.00,1,NULL,NULL,'2016-07-30 02:35:49','2016-07-30 02:35:49'),(50,41,17,21.00,1,1,'Teste','2016-07-30 03:20:26','2016-07-30 03:20:26'),(51,43,17,37.00,1,NULL,NULL,'2016-07-30 03:20:26','2016-07-30 03:20:26'),(52,45,17,13.00,1,NULL,NULL,'2016-07-30 03:20:26','2016-07-30 03:20:26'),(53,43,18,37.00,1,NULL,NULL,'2016-07-30 07:08:34','2016-07-30 07:08:34'),(54,45,19,13.00,1,NULL,NULL,'2016-07-30 21:31:10','2016-07-30 21:31:10'),(55,45,20,13.00,1,NULL,NULL,'2016-07-30 21:32:13','2016-07-30 21:32:13'),(56,43,21,37.00,1,NULL,NULL,'2016-07-30 23:54:49','2016-07-30 23:54:49'),(57,43,22,37.00,1,NULL,NULL,'2016-07-31 04:08:28','2016-07-31 04:08:28'),(58,2,23,28.00,1,NULL,NULL,'2016-07-31 04:09:49','2016-07-31 04:09:49'),(59,43,24,37.00,1,NULL,NULL,'2016-07-31 07:42:16','2016-07-31 07:42:16'),(60,43,25,37.00,1,NULL,NULL,'2016-07-31 09:03:18','2016-07-31 09:03:18'),(61,43,26,37.00,1,NULL,NULL,'2016-07-31 09:03:26','2016-07-31 09:03:26'),(62,43,27,37.00,1,NULL,NULL,'2016-07-31 09:08:53','2016-07-31 09:08:53'),(63,1,28,21.00,1,NULL,NULL,'2016-07-31 09:12:39','2016-07-31 09:12:39'),(64,1,29,21.00,1,NULL,NULL,'2016-07-31 09:13:16','2016-07-31 09:13:16'),(65,1,30,21.00,1,NULL,NULL,'2016-07-31 09:13:30','2016-07-31 09:13:30'),(66,43,31,37.00,1,NULL,NULL,'2016-07-31 09:16:20','2016-07-31 09:16:20'),(67,43,32,37.00,1,NULL,NULL,'2016-07-31 09:18:12','2016-07-31 09:18:12'),(80,41,45,21.00,1,NULL,NULL,'2016-07-31 17:09:25','2016-07-31 17:09:25'),(81,1,46,21.00,1,NULL,NULL,'2016-07-31 17:11:59','2016-07-31 17:11:59'),(82,1,47,21.00,1,NULL,NULL,'2016-07-31 17:12:37','2016-07-31 17:12:37'),(83,1,47,21.00,1,NULL,NULL,'2016-07-31 17:12:37','2016-07-31 17:12:37'),(84,1,47,21.00,1,NULL,NULL,'2016-07-31 17:12:37','2016-07-31 17:12:37'),(90,41,53,21.00,1,NULL,NULL,'2016-07-31 17:27:02','2016-07-31 17:27:02'),(91,2,54,28.00,1,NULL,NULL,'2016-07-31 17:36:53','2016-07-31 17:36:53'),(92,2,55,28.00,1,NULL,NULL,'2016-07-31 17:38:43','2016-07-31 17:38:43'),(93,2,56,28.00,1,NULL,NULL,'2016-07-31 17:38:57','2016-07-31 17:38:57'),(94,2,57,28.00,2,NULL,NULL,'2016-07-31 17:43:43','2016-07-31 17:43:43'),(95,2,58,28.00,2,NULL,NULL,'2016-07-31 17:44:24','2016-07-31 17:44:24'),(96,2,59,28.00,2,NULL,NULL,'2016-07-31 17:45:07','2016-07-31 17:45:07'),(97,2,60,28.00,2,NULL,NULL,'2016-07-31 17:46:31','2016-07-31 17:46:31'),(104,2,67,28.00,2,NULL,NULL,'2016-07-31 17:54:41','2016-07-31 17:54:41'),(105,2,68,28.00,2,NULL,NULL,'2016-07-31 17:57:20','2016-07-31 17:57:20'),(106,51,69,43.00,1,NULL,NULL,'2016-07-31 19:51:27','2016-07-31 19:51:27'),(107,43,77,37.00,1,NULL,NULL,'2016-07-31 20:30:03','2016-07-31 20:30:03'),(108,43,78,37.00,1,NULL,NULL,'2016-07-31 20:38:20','2016-07-31 20:38:20'),(109,43,79,37.00,1,NULL,NULL,'2016-07-31 20:38:45','2016-07-31 20:38:45'),(110,43,80,37.00,1,NULL,NULL,'2016-07-31 20:39:58','2016-07-31 20:39:58'),(111,43,81,37.00,1,NULL,NULL,'2016-07-31 20:41:58','2016-07-31 20:41:58'),(112,43,82,37.00,1,NULL,NULL,'2016-07-31 20:44:40','2016-07-31 20:44:40'),(113,43,83,37.00,1,NULL,NULL,'2016-07-31 20:46:53','2016-07-31 20:46:53'),(114,43,84,37.00,1,NULL,NULL,'2016-07-31 20:48:29','2016-07-31 20:48:29'),(115,43,85,37.00,1,NULL,NULL,'2016-07-31 20:48:40','2016-07-31 20:48:40'),(116,43,86,37.00,1,NULL,NULL,'2016-07-31 20:48:54','2016-07-31 20:48:54'),(117,43,87,37.00,1,NULL,NULL,'2016-07-31 21:01:43','2016-07-31 21:01:43'),(118,43,88,37.00,1,NULL,NULL,'2016-07-31 21:01:52','2016-07-31 21:01:52'),(119,43,90,37.00,1,NULL,NULL,'2016-07-31 21:05:18','2016-07-31 21:05:18'),(123,1,94,21.00,1,NULL,NULL,'2016-07-31 21:26:42','2016-07-31 21:26:42'),(124,1,95,21.00,1,NULL,NULL,'2016-07-31 21:28:25','2016-07-31 21:28:25'),(125,43,96,37.00,1,NULL,NULL,'2016-07-31 21:28:32','2016-07-31 21:28:32'),(126,43,97,37.00,1,NULL,NULL,'2016-07-31 21:28:41','2016-07-31 21:28:41'),(127,1,98,21.00,1,NULL,NULL,'2016-07-31 21:30:12','2016-07-31 21:30:12'),(128,43,99,37.00,1,NULL,NULL,'2016-07-31 21:30:24','2016-07-31 21:30:24'),(129,43,100,37.00,1,NULL,NULL,'2016-07-31 21:32:15','2016-07-31 21:32:15'),(130,48,101,41.00,1,NULL,NULL,'2016-08-01 00:16:02','2016-08-01 00:16:02'),(131,43,101,37.00,1,NULL,NULL,'2016-08-01 00:16:02','2016-08-01 00:16:02'),(132,51,101,43.00,1,NULL,NULL,'2016-08-01 00:16:02','2016-08-01 00:16:02'),(133,51,102,43.00,1,NULL,NULL,'2016-08-01 06:13:39','2016-08-01 06:13:39'),(134,51,103,43.00,1,NULL,NULL,'2016-08-01 06:43:18','2016-08-01 06:43:18'),(135,51,104,43.00,1,NULL,NULL,'2016-08-01 06:49:04','2016-08-01 06:49:04'),(136,48,104,41.00,1,NULL,NULL,'2016-08-01 06:49:04','2016-08-01 06:49:04'),(137,51,105,43.00,1,NULL,NULL,'2016-08-01 06:49:49','2016-08-01 06:49:49'),(138,51,106,43.00,1,NULL,NULL,'2016-08-01 07:19:04','2016-08-01 07:19:04'),(139,51,107,43.00,1,NULL,NULL,'2016-08-01 19:05:40','2016-08-01 19:05:40'),(140,6,108,20.00,1,NULL,NULL,'2016-08-01 19:08:45','2016-08-01 19:08:45'),(141,51,109,43.00,1,NULL,NULL,'2016-08-01 19:48:19','2016-08-01 19:48:19'),(142,25,110,25.00,1,NULL,NULL,'2016-08-01 21:48:02','2016-08-01 21:48:02'),(143,24,110,37.00,1,NULL,NULL,'2016-08-01 21:48:02','2016-08-01 21:48:02'),(144,51,111,43.00,1,NULL,NULL,'2016-08-01 22:38:53','2016-08-01 22:38:53'),(145,25,112,25.00,1,NULL,NULL,'2016-08-01 22:56:05','2016-08-01 22:56:05'),(146,41,113,21.00,2,NULL,NULL,'2016-08-01 23:59:51','2016-08-01 23:59:51'),(147,43,113,37.00,1,NULL,NULL,'2016-08-01 23:59:51','2016-08-01 23:59:51'),(148,51,113,43.00,1,NULL,NULL,'2016-08-01 23:59:51','2016-08-01 23:59:51'),(149,50,113,43.00,1,NULL,NULL,'2016-08-01 23:59:51','2016-08-01 23:59:51'),(150,51,114,43.00,1,NULL,NULL,'2016-08-02 00:35:24','2016-08-02 00:35:24'),(151,51,115,43.00,1,NULL,NULL,'2016-08-02 01:08:02','2016-08-02 01:08:02'),(152,51,116,43.00,1,NULL,NULL,'2016-08-02 06:53:29','2016-08-02 06:53:29'),(153,51,117,43.00,1,NULL,NULL,'2016-08-02 06:53:42','2016-08-02 06:53:42'),(154,51,118,43.00,1,NULL,NULL,'2016-08-02 06:53:44','2016-08-02 06:53:44'),(155,51,119,43.00,1,NULL,NULL,'2016-08-02 07:05:23','2016-08-02 07:05:23'),(156,51,120,43.00,1,NULL,NULL,'2016-08-02 07:06:26','2016-08-02 07:06:26'),(159,51,123,43.00,1,NULL,NULL,'2016-08-02 07:10:44','2016-08-02 07:10:44'),(161,51,125,43.00,1,NULL,NULL,'2016-08-02 07:14:41','2016-08-02 07:14:41'),(165,51,129,43.00,1,NULL,NULL,'2016-08-02 07:18:20','2016-08-02 07:18:20'),(166,51,130,43.00,1,NULL,NULL,'2016-08-02 07:21:11','2016-08-02 07:21:11'),(167,51,131,43.00,1,NULL,NULL,'2016-08-02 07:21:50','2016-08-02 07:21:50'),(168,51,132,43.00,1,NULL,NULL,'2016-08-02 07:23:43','2016-08-02 07:23:43'),(169,51,133,43.00,1,NULL,NULL,'2016-08-02 07:24:01','2016-08-02 07:24:01'),(170,51,134,43.00,1,NULL,NULL,'2016-08-02 07:25:57','2016-08-02 07:25:57'),(175,43,138,37.00,1,NULL,NULL,'2016-08-02 07:38:40','2016-08-02 07:38:40'),(177,43,140,37.00,1,NULL,NULL,'2016-08-02 07:39:54','2016-08-02 07:39:54'),(178,51,141,43.00,1,NULL,NULL,'2016-08-02 07:46:36','2016-08-02 07:46:36'),(181,51,144,43.00,1,NULL,NULL,'2016-08-02 07:53:28','2016-08-02 07:53:28'),(183,51,146,43.00,1,NULL,NULL,'2016-08-02 08:06:54','2016-08-02 08:06:54'),(184,51,147,43.00,1,NULL,NULL,'2016-08-02 08:07:04','2016-08-02 08:07:04'),(185,51,148,43.00,1,NULL,NULL,'2016-08-02 08:07:51','2016-08-02 08:07:51'),(186,51,149,43.00,1,NULL,NULL,'2016-08-02 08:09:04','2016-08-02 08:09:04'),(187,51,150,43.00,1,NULL,NULL,'2016-08-02 08:09:55','2016-08-02 08:09:55'),(188,51,151,43.00,1,NULL,NULL,'2016-08-02 08:10:39','2016-08-02 08:10:39'),(189,51,152,43.00,1,NULL,NULL,'2016-08-02 08:13:58','2016-08-02 08:13:58'),(190,51,153,43.00,1,1,NULL,'2016-08-02 08:20:00','2016-08-02 08:20:00'),(191,51,154,43.00,1,NULL,NULL,'2016-08-02 08:54:56','2016-08-02 08:54:56'),(192,51,155,43.00,1,NULL,NULL,'2016-08-02 08:58:50','2016-08-02 08:58:50'),(193,35,156,16.00,1,NULL,NULL,'2016-08-02 08:59:16','2016-08-02 08:59:16'),(194,51,157,43.00,1,NULL,NULL,'2016-08-02 22:05:25','2016-08-02 22:05:25'),(195,51,158,43.00,1,NULL,NULL,'2016-08-02 22:28:46','2016-08-02 22:28:46'),(196,51,159,43.00,1,1,'teste','2016-08-02 22:28:47','2016-08-02 22:28:47'),(197,19,160,36.00,1,NULL,NULL,'2016-08-02 22:50:33','2016-08-02 22:50:33'),(198,51,161,43.00,1,NULL,NULL,'2016-08-02 22:56:09','2016-08-02 22:56:09'),(199,43,161,37.00,1,NULL,NULL,'2016-08-02 22:56:09','2016-08-02 22:56:09'),(200,50,162,43.00,1,NULL,NULL,'2016-08-03 00:37:04','2016-08-03 00:37:04'),(201,49,162,28.00,1,NULL,NULL,'2016-08-03 00:37:04','2016-08-03 00:37:04'),(202,51,162,43.00,1,1,NULL,'2016-08-03 00:37:04','2016-08-03 00:37:04'),(203,51,163,43.00,1,NULL,NULL,'2016-08-03 00:54:29','2016-08-03 00:54:29'),(204,51,164,43.00,1,NULL,NULL,'2016-08-03 01:00:57','2016-08-03 01:00:57'),(205,51,165,43.00,1,NULL,NULL,'2016-08-03 06:07:32','2016-08-03 06:07:32'),(206,51,166,43.00,1,NULL,NULL,'2016-08-03 06:07:36','2016-08-03 06:07:36'),(207,51,167,43.00,1,NULL,NULL,'2016-08-03 06:08:30','2016-08-03 06:08:30'),(208,51,168,43.00,1,NULL,NULL,'2016-08-03 06:08:33','2016-08-03 06:08:33'),(209,51,169,43.00,1,NULL,NULL,'2016-08-03 06:12:48','2016-08-03 06:12:48'),(210,51,170,43.00,1,NULL,NULL,'2016-08-03 06:12:53','2016-08-03 06:12:53'),(211,51,171,43.00,1,NULL,NULL,'2016-08-03 06:17:08','2016-08-03 06:17:08'),(212,51,172,43.00,1,NULL,NULL,'2016-08-03 06:17:42','2016-08-03 06:17:42'),(213,51,173,43.00,1,NULL,NULL,'2016-08-03 06:20:51','2016-08-03 06:20:51'),(214,51,174,43.00,3,1,NULL,'2016-08-03 08:14:29','2016-08-03 08:14:29'),(215,43,174,37.00,1,0,NULL,'2016-08-03 08:14:29','2016-08-03 08:14:29'),(216,43,174,37.00,1,1,NULL,'2016-08-03 08:14:29','2016-08-03 08:14:29'),(217,51,175,43.00,3,1,NULL,'2016-08-03 08:26:31','2016-08-03 08:26:31'),(218,43,175,37.00,1,0,NULL,'2016-08-03 08:26:31','2016-08-03 08:26:31'),(219,43,175,37.00,1,1,NULL,'2016-08-03 08:26:31','2016-08-03 08:26:31'),(220,51,175,43.00,1,NULL,NULL,'2016-08-03 08:26:31','2016-08-03 08:26:31'),(221,51,176,43.00,1,NULL,NULL,'2016-08-03 10:05:22','2016-08-03 10:05:22'),(222,43,176,37.00,1,NULL,NULL,'2016-08-03 10:05:22','2016-08-03 10:05:22'),(223,43,176,37.00,1,NULL,NULL,'2016-08-03 10:05:22','2016-08-03 10:05:22'),(224,51,176,43.00,1,NULL,NULL,'2016-08-03 10:05:22','2016-08-03 10:05:22'),(225,51,177,43.00,1,1,'Aaaa','2016-08-03 22:20:50','2016-08-03 22:20:50'),(226,43,177,37.00,1,1,NULL,'2016-08-03 22:20:50','2016-08-03 22:20:50'),(227,49,177,28.00,1,NULL,NULL,'2016-08-03 22:20:50','2016-08-03 22:20:50'),(228,49,177,28.00,1,NULL,NULL,'2016-08-03 22:20:50','2016-08-03 22:20:50'),(229,49,177,28.00,1,NULL,NULL,'2016-08-03 22:20:50','2016-08-03 22:20:50'),(230,48,178,41.00,1,NULL,NULL,'2016-08-04 02:26:52','2016-08-04 02:26:52'),(231,41,179,21.00,1,NULL,NULL,'2016-08-04 03:21:46','2016-08-04 03:21:46'),(232,51,179,43.00,1,NULL,NULL,'2016-08-04 03:21:46','2016-08-04 03:21:46'),(233,30,180,41.00,2,NULL,NULL,'2016-08-04 03:23:26','2016-08-04 03:23:26'),(252,1,199,21.00,1,NULL,NULL,'2016-08-04 05:50:15','2016-08-04 05:50:15'),(253,1,199,21.00,1,NULL,NULL,'2016-08-04 05:50:15','2016-08-04 05:50:15'),(254,51,200,43.00,1,NULL,NULL,'2016-08-04 05:52:30','2016-08-04 05:52:30'),(255,51,201,43.00,2,1,NULL,'2016-08-04 05:56:39','2016-08-04 05:56:39'),(256,51,202,43.00,2,1,NULL,'2016-08-04 05:57:12','2016-08-04 05:57:12'),(257,51,203,43.00,2,1,NULL,'2016-08-04 05:57:53','2016-08-04 05:57:53'),(258,51,204,43.00,2,1,NULL,'2016-08-04 05:58:54','2016-08-04 05:58:54'),(259,51,205,43.00,2,1,NULL,'2016-08-04 06:00:04','2016-08-04 06:00:04'),(260,51,206,43.00,2,1,NULL,'2016-08-04 06:00:12','2016-08-04 06:00:12'),(261,51,207,43.00,1,0,NULL,'2016-08-04 08:44:40','2016-08-04 08:44:40'),(262,50,207,43.00,1,NULL,NULL,'2016-08-04 08:44:40','2016-08-04 08:44:40'),(263,48,207,41.00,1,NULL,NULL,'2016-08-04 08:44:40','2016-08-04 08:44:40'),(264,51,208,43.00,1,NULL,NULL,'2016-08-04 08:52:45','2016-08-04 08:52:45'),(265,51,209,43.00,1,NULL,NULL,'2016-08-04 08:56:43','2016-08-04 08:56:43'),(266,48,209,41.00,1,NULL,NULL,'2016-08-04 08:56:43','2016-08-04 08:56:43'),(267,48,209,41.00,1,NULL,NULL,'2016-08-04 08:56:43','2016-08-04 08:56:43'),(268,51,210,43.00,1,NULL,NULL,'2016-08-04 08:58:29','2016-08-04 08:58:29'),(269,50,211,43.00,1,NULL,NULL,'2016-08-04 18:12:34','2016-08-04 18:12:34'),(270,48,211,41.00,1,NULL,NULL,'2016-08-04 18:12:34','2016-08-04 18:12:34'),(271,51,211,43.00,1,NULL,NULL,'2016-08-04 18:12:34','2016-08-04 18:12:34'),(272,50,212,43.00,1,NULL,NULL,'2016-08-04 18:14:57','2016-08-04 18:14:57'),(273,51,213,43.00,1,NULL,NULL,'2016-08-04 18:59:14','2016-08-04 18:59:14'),(274,35,214,16.00,1,NULL,NULL,'2016-08-04 19:05:17','2016-08-04 19:05:17'),(275,35,215,16.00,1,NULL,NULL,'2016-08-04 19:06:21','2016-08-04 19:06:21'),(276,49,215,28.00,1,NULL,NULL,'2016-08-04 19:06:21','2016-08-04 19:06:21'),(277,49,216,28.00,1,NULL,NULL,'2016-08-04 19:06:40','2016-08-04 19:06:40'),(278,93,217,15.00,1,NULL,NULL,'2016-08-04 21:04:34','2016-08-04 21:04:34'),(279,56,217,25.00,1,NULL,NULL,'2016-08-04 21:04:34','2016-08-04 21:04:34'),(280,86,217,8.00,1,NULL,NULL,'2016-08-04 21:04:34','2016-08-04 21:04:34'),(281,72,218,28.00,1,NULL,NULL,'2016-08-04 23:14:22','2016-08-04 23:14:22'),(282,80,218,3.00,2,NULL,NULL,'2016-08-04 23:14:22','2016-08-04 23:14:22'),(283,85,219,4.00,1,NULL,NULL,'2016-08-08 16:59:46','2016-08-08 16:59:46'),(284,81,219,8.00,1,NULL,NULL,'2016-08-08 16:59:46','2016-08-08 16:59:46'),(285,65,220,30.00,1,NULL,NULL,'2016-08-08 17:06:01','2016-08-08 17:06:01'),(286,81,220,8.00,1,NULL,NULL,'2016-08-08 17:06:01','2016-08-08 17:06:01'),(287,86,221,8.00,1,NULL,NULL,'2016-08-08 17:16:42','2016-08-08 17:16:42'),(288,92,221,10.00,1,NULL,NULL,'2016-08-08 17:16:42','2016-08-08 17:16:42'),(289,19,222,36.00,1,NULL,NULL,'2016-08-09 00:24:18','2016-08-09 00:24:18'),(290,90,223,3.00,1,NULL,NULL,'2016-08-10 00:01:54','2016-08-10 00:01:54'),(291,74,223,33.00,2,NULL,NULL,'2016-08-10 00:01:54','2016-08-10 00:01:54'),(292,85,223,4.00,1,NULL,NULL,'2016-08-10 00:01:54','2016-08-10 00:01:54'),(293,82,223,8.00,1,NULL,NULL,'2016-08-10 00:01:54','2016-08-10 00:01:54'),(294,78,223,15.00,1,NULL,NULL,'2016-08-10 00:01:54','2016-08-10 00:01:54'),(295,79,223,20.00,1,NULL,NULL,'2016-08-10 00:01:54','2016-08-10 00:01:54'),(296,1,224,21.00,1,NULL,NULL,'2016-08-10 02:16:29','2016-08-10 02:16:29'),(297,89,225,3.00,5,NULL,NULL,'2016-08-10 02:22:06','2016-08-10 02:22:06'),(298,89,226,3.00,5,NULL,NULL,'2016-08-10 02:22:30','2016-08-10 02:22:30'),(299,89,227,3.00,5,NULL,NULL,'2016-08-10 02:22:54','2016-08-10 02:22:54'),(300,89,228,3.00,5,NULL,NULL,'2016-08-10 02:25:28','2016-08-10 02:25:28'),(301,89,229,3.00,5,NULL,NULL,'2016-08-10 02:25:34','2016-08-10 02:25:34'),(302,89,230,3.00,5,NULL,NULL,'2016-08-10 02:25:54','2016-08-10 02:25:54'),(303,64,231,33.00,1,NULL,NULL,'2016-08-10 02:28:52','2016-08-10 02:28:52'),(304,86,232,8.00,1,NULL,NULL,'2016-08-11 02:30:51','2016-08-11 02:30:51');
/*!40000 ALTER TABLE `pedido_items` ENABLE KEYS */;
UNLOCK TABLES;

--
-- Table structure for table `pedidos`
--

DROP TABLE IF EXISTS `pedidos`;
/*!40101 SET @saved_cs_client     = @@character_set_client */;
/*!40101 SET character_set_client = utf8 */;
CREATE TABLE `pedidos` (
  `id` int(10) unsigned NOT NULL AUTO_INCREMENT,
  `empresa_id` int(10) unsigned NOT NULL,
  `cliente_id` int(10) unsigned NOT NULL,
  `usuario_entregador_id` int(10) unsigned DEFAULT NULL,
  `total` decimal(8,2) NOT NULL,
  `status` smallint(6) NOT NULL DEFAULT '0',
  `retirada` smallint(6) NOT NULL,
  `pagamento` smallint(6) NOT NULL,
  `troco` decimal(8,2) NOT NULL,
  `created_at` timestamp NOT NULL DEFAULT '0000-00-00 00:00:00',
  `updated_at` timestamp NOT NULL DEFAULT '0000-00-00 00:00:00',
  `cupom_id` int(10) unsigned DEFAULT NULL,
  `hash` varchar(255) COLLATE utf8_unicode_ci DEFAULT NULL,
  PRIMARY KEY (`id`),
  KEY `pedidos_empresa_id_foreign` (`empresa_id`),
  KEY `pedidos_cliente_id_foreign` (`cliente_id`),
  KEY `pedidos_usuario_entregador_id_foreign` (`usuario_entregador_id`),
  KEY `pedidos_cupom_id_foreign` (`cupom_id`),
  CONSTRAINT `pedidos_cliente_id_foreign` FOREIGN KEY (`cliente_id`) REFERENCES `usuarios` (`id`),
  CONSTRAINT `pedidos_cupom_id_foreign` FOREIGN KEY (`cupom_id`) REFERENCES `cupoms` (`id`),
  CONSTRAINT `pedidos_empresa_id_foreign` FOREIGN KEY (`empresa_id`) REFERENCES `empresas` (`id`),
  CONSTRAINT `pedidos_usuario_entregador_id_foreign` FOREIGN KEY (`usuario_entregador_id`) REFERENCES `usuarios` (`id`)
) ENGINE=InnoDB AUTO_INCREMENT=233 DEFAULT CHARSET=utf8 COLLATE=utf8_unicode_ci;
/*!40101 SET character_set_client = @saved_cs_client */;

--
-- Dumping data for table `pedidos`
--

LOCK TABLES `pedidos` WRITE;
/*!40000 ALTER TABLE `pedidos` DISABLE KEYS */;
INSERT INTO `pedidos` VALUES (1,3,3,NULL,89.00,0,0,0,0.00,'2016-07-28 22:26:34','2016-07-28 22:26:34',NULL,NULL),(2,2,1,NULL,61.00,0,0,0,0.00,'2016-07-28 22:26:34','2016-07-28 22:26:34',NULL,NULL),(3,2,1,NULL,60.00,0,0,0,0.00,'2016-07-28 22:26:34','2016-07-28 22:26:34',NULL,NULL),(4,1,9,NULL,34.00,0,0,0,0.00,'2016-07-28 22:26:34','2016-07-28 22:26:34',NULL,NULL),(5,3,1,NULL,35.00,0,0,0,0.00,'2016-07-28 22:26:34','2016-07-28 22:26:34',NULL,NULL),(6,3,3,NULL,98.00,0,0,0,0.00,'2016-07-28 22:26:34','2016-07-28 22:26:34',NULL,NULL),(7,3,6,NULL,99.00,0,0,0,0.00,'2016-07-28 22:26:34','2016-07-28 22:26:34',NULL,NULL),(8,2,9,NULL,30.00,0,0,0,0.00,'2016-07-28 22:26:34','2016-07-28 22:26:34',NULL,NULL),(9,3,6,13,97.00,0,0,0,0.00,'2016-07-28 22:26:34','2016-07-29 03:20:34',NULL,NULL),(10,2,4,3,48.00,3,0,0,0.00,'2016-07-28 22:26:34','2016-07-29 06:54:31',NULL,'adff658032cff807fab1b0331a8d95f7'),(11,1,1,3,13.00,3,1,1,13.00,'2016-07-28 22:28:02','2016-07-29 06:24:24',NULL,'ecbdd06edaa56ec1f83c4bd1f0e3e6b0'),(12,1,1,3,21.00,3,1,1,55.00,'2016-07-28 23:06:07','2016-07-29 06:18:23',NULL,'375b132f3874c0a5bc2da394724120e3'),(13,1,1,3,21.00,1,1,1,21.00,'2016-07-28 23:21:27','2016-07-31 03:57:00',NULL,'e46904dcc4b9eecaf4004193795a4c90'),(14,1,1,3,71.00,0,1,1,80.00,'2016-07-28 23:25:01','2016-07-31 07:06:33',NULL,'588ce1e97651c521ce5d9d23b13dd04f'),(15,1,1,3,21.00,1,1,1,21.00,'2016-07-29 07:12:51','2016-07-31 04:00:19',NULL,NULL),(16,1,1,13,55.00,4,1,1,56.00,'2016-07-30 02:35:49','2016-07-30 19:28:37',NULL,NULL),(17,1,1,3,71.00,0,1,1,80.00,'2016-07-30 03:20:26','2016-07-31 07:06:16',NULL,'ccbb81a208d8b2427111736cb202078b'),(18,1,1,14,37.00,2,1,1,150.00,'2016-07-30 07:08:34','2016-07-30 07:11:42',NULL,NULL),(19,1,1,NULL,-49.00,0,1,1,100.00,'2016-07-30 21:31:10','2016-07-30 21:31:10',10,NULL),(20,1,1,3,13.00,2,1,1,15.00,'2016-07-30 21:32:13','2016-07-31 07:06:04',NULL,'56dd000e9e5be7adf896a4e370214f3a'),(21,1,1,3,37.00,5,1,1,40.00,'2016-07-30 23:54:49','2016-07-31 07:02:23',NULL,NULL),(22,1,1,3,37.00,4,1,1,66.00,'2016-07-31 04:08:28','2016-07-31 07:31:09',NULL,'289856e44bd4b6149eb3934112798775'),(23,2,1,3,28.00,3,1,1,55.00,'2016-07-31 04:09:49','2016-07-31 08:54:42',NULL,'d9fd2ec821866247e12c1c8f587a1c37'),(24,1,1,NULL,-30.00,0,0,0,0.00,'2016-07-31 07:42:16','2016-07-31 07:42:16',1,NULL),(25,1,1,NULL,37.00,0,0,0,50.00,'2016-07-31 09:03:17','2016-07-31 09:03:18',NULL,NULL),(26,1,1,NULL,37.00,0,0,0,50.00,'2016-07-31 09:03:26','2016-07-31 09:03:26',NULL,NULL),(27,1,1,NULL,37.00,0,0,0,50.00,'2016-07-31 09:08:53','2016-07-31 09:08:53',NULL,NULL),(28,1,2,3,21.00,2,0,0,0.00,'2016-07-31 09:12:39','2016-07-31 16:06:56',NULL,NULL),(29,1,2,3,21.00,5,0,0,0.00,'2016-07-31 09:13:16','2016-07-31 16:06:44',NULL,NULL),(30,1,2,NULL,21.00,0,0,0,0.00,'2016-07-31 09:13:30','2016-07-31 09:13:30',NULL,NULL),(31,1,1,3,37.00,5,0,0,50.00,'2016-07-31 09:16:20','2016-07-31 16:08:14',NULL,NULL),(32,1,1,3,37.00,3,0,0,50.00,'2016-07-31 09:18:12','2016-07-31 16:35:49',NULL,'2f3a3501cc94b184b3cb21937d82a0a6'),(45,1,1,NULL,21.00,0,0,0,22.00,'2016-07-31 17:09:25','2016-07-31 17:09:25',NULL,NULL),(46,1,1,NULL,21.00,0,0,0,0.00,'2016-07-31 17:11:59','2016-07-31 17:11:59',NULL,NULL),(47,1,1,NULL,63.00,0,0,0,0.00,'2016-07-31 17:12:37','2016-07-31 17:12:37',NULL,NULL),(53,1,1,NULL,21.00,0,0,0,22.00,'2016-07-31 17:27:02','2016-07-31 17:27:02',NULL,NULL),(54,2,1,NULL,28.00,0,0,0,555.00,'2016-07-31 17:36:53','2016-07-31 17:36:53',NULL,NULL),(55,2,1,NULL,28.00,0,0,0,555.00,'2016-07-31 17:38:43','2016-07-31 17:38:43',NULL,NULL),(56,2,1,NULL,28.00,0,0,0,555.00,'2016-07-31 17:38:57','2016-07-31 17:38:57',NULL,NULL),(57,2,1,NULL,56.00,0,0,0,555.00,'2016-07-31 17:43:43','2016-07-31 17:43:43',NULL,NULL),(58,2,1,NULL,56.00,0,0,0,555.00,'2016-07-31 17:44:24','2016-07-31 17:44:24',NULL,NULL),(59,2,1,NULL,56.00,0,0,0,555.00,'2016-07-31 17:45:07','2016-07-31 17:45:07',NULL,NULL),(60,2,1,NULL,56.00,0,0,0,555.00,'2016-07-31 17:46:31','2016-07-31 17:46:31',NULL,NULL),(67,2,1,NULL,0.00,0,0,0,555.00,'2016-07-31 17:54:41','2016-07-31 17:54:41',NULL,NULL),(68,2,1,NULL,56.00,0,0,0,555.00,'2016-07-31 17:57:20','2016-07-31 17:57:20',NULL,NULL),(69,1,1,NULL,43.00,0,0,0,45.00,'2016-07-31 19:51:27','2016-07-31 19:51:27',NULL,NULL),(77,1,1,NULL,37.00,0,0,0,0.00,'2016-07-31 20:30:03','2016-07-31 20:30:03',NULL,NULL),(78,1,1,NULL,37.00,0,0,0,0.00,'2016-07-31 20:38:20','2016-07-31 20:38:20',NULL,NULL),(79,1,1,NULL,37.00,0,0,0,0.00,'2016-07-31 20:38:45','2016-07-31 20:38:45',NULL,NULL),(80,1,1,NULL,37.00,0,0,0,55.00,'2016-07-31 20:39:58','2016-07-31 20:39:58',NULL,NULL),(81,1,1,NULL,37.00,0,0,0,55.00,'2016-07-31 20:41:58','2016-07-31 20:41:58',NULL,NULL),(82,1,1,NULL,37.00,0,0,0,55.00,'2016-07-31 20:44:40','2016-07-31 20:44:40',NULL,NULL),(83,1,1,NULL,37.00,0,0,0,55.00,'2016-07-31 20:46:53','2016-07-31 20:46:53',NULL,NULL),(84,1,1,NULL,37.00,0,0,0,55.00,'2016-07-31 20:48:29','2016-07-31 20:48:29',NULL,NULL),(85,1,1,NULL,37.00,0,0,0,55.00,'2016-07-31 20:48:40','2016-07-31 20:48:40',NULL,NULL),(86,1,1,NULL,37.00,0,0,0,55.00,'2016-07-31 20:48:54','2016-07-31 20:48:54',NULL,NULL),(87,1,1,NULL,37.00,0,0,0,55.00,'2016-07-31 21:01:43','2016-07-31 21:01:43',NULL,NULL),(88,1,1,NULL,37.00,0,0,0,55.00,'2016-07-31 21:01:52','2016-07-31 21:01:52',NULL,NULL),(90,1,1,NULL,37.00,0,0,0,0.00,'2016-07-31 21:05:18','2016-07-31 21:05:18',NULL,NULL),(94,1,1,NULL,21.00,0,0,0,0.00,'2016-07-31 21:26:42','2016-07-31 21:26:42',NULL,NULL),(95,1,1,NULL,21.00,0,0,0,0.00,'2016-07-31 21:28:25','2016-07-31 21:28:25',NULL,NULL),(96,1,1,NULL,37.00,0,0,0,55.00,'2016-07-31 21:28:32','2016-07-31 21:28:32',NULL,NULL),(97,1,1,NULL,37.00,0,0,0,55.00,'2016-07-31 21:28:41','2016-07-31 21:28:41',NULL,NULL),(98,1,1,NULL,21.00,0,0,0,0.00,'2016-07-31 21:30:12','2016-07-31 21:30:12',NULL,NULL),(99,1,1,NULL,37.00,0,0,0,55.00,'2016-07-31 21:30:24','2016-07-31 21:30:24',NULL,NULL),(100,1,1,3,37.00,4,0,0,55.00,'2016-07-31 21:32:15','2016-08-01 22:44:09',NULL,'70b8d58e5c120190fe31f02ca18ada52'),(101,1,1,NULL,121.00,0,0,0,55.00,'2016-08-01 00:16:02','2016-08-01 00:16:02',NULL,NULL),(102,1,1,NULL,43.00,0,0,0,66.00,'2016-08-01 06:13:39','2016-08-01 06:13:39',NULL,NULL),(103,1,1,NULL,43.00,0,0,0,55.00,'2016-08-01 06:43:18','2016-08-01 06:43:18',NULL,NULL),(104,1,1,NULL,84.00,0,0,0,666.00,'2016-08-01 06:49:04','2016-08-01 06:49:04',NULL,NULL),(105,1,1,NULL,43.00,0,0,0,66.00,'2016-08-01 06:49:49','2016-08-01 06:49:49',NULL,NULL),(106,1,1,NULL,43.00,0,0,0,666.00,'2016-08-01 07:19:04','2016-08-01 07:19:04',NULL,NULL),(107,1,1,NULL,43.00,0,0,0,66.00,'2016-08-01 19:05:40','2016-08-01 19:05:40',NULL,NULL),(108,2,1,NULL,20.00,0,0,0,0.00,'2016-08-01 19:08:45','2016-08-01 19:08:45',NULL,NULL),(109,1,1,NULL,43.00,0,0,0,45.00,'2016-08-01 19:48:19','2016-08-01 19:48:19',NULL,NULL),(110,2,1,NULL,62.00,0,1,1,0.00,'2016-08-01 21:48:02','2016-08-01 21:48:02',NULL,NULL),(111,1,1,NULL,43.00,0,0,0,50.00,'2016-08-01 22:38:53','2016-08-01 22:38:53',NULL,NULL),(112,2,1,NULL,25.00,0,0,0,60.00,'2016-08-01 22:56:05','2016-08-01 22:56:05',NULL,NULL),(113,1,1,3,165.00,1,0,0,200.00,'2016-08-01 23:59:51','2016-08-02 00:39:44',NULL,NULL),(114,1,1,NULL,43.00,0,0,0,50.00,'2016-08-02 00:35:24','2016-08-02 00:35:24',NULL,NULL),(115,1,1,NULL,43.00,0,0,1,0.00,'2016-08-02 01:08:02','2016-08-02 01:08:02',NULL,NULL),(116,1,1,NULL,43.00,0,0,0,55.00,'2016-08-02 06:53:28','2016-08-02 06:53:29',NULL,NULL),(117,1,1,NULL,43.00,0,0,0,55.00,'2016-08-02 06:53:42','2016-08-02 06:53:42',NULL,NULL),(118,1,1,NULL,43.00,0,0,0,55.00,'2016-08-02 06:53:44','2016-08-02 06:53:44',NULL,NULL),(119,1,1,NULL,43.00,0,0,0,55.00,'2016-08-02 07:05:23','2016-08-02 07:05:23',NULL,NULL),(120,1,1,NULL,43.00,0,0,0,55.00,'2016-08-02 07:06:26','2016-08-02 07:06:26',NULL,NULL),(123,1,1,NULL,43.00,0,0,0,45.00,'2016-08-02 07:10:44','2016-08-02 07:10:44',NULL,NULL),(125,1,1,NULL,43.00,0,0,0,45.00,'2016-08-02 07:14:41','2016-08-02 07:14:41',NULL,NULL),(129,1,1,NULL,43.00,0,0,0,45.00,'2016-08-02 07:18:20','2016-08-02 07:18:20',NULL,NULL),(130,1,1,NULL,43.00,0,0,0,45.00,'2016-08-02 07:21:11','2016-08-02 07:21:11',NULL,NULL),(131,1,1,NULL,43.00,0,0,0,45.00,'2016-08-02 07:21:50','2016-08-02 07:21:50',NULL,NULL),(132,1,1,NULL,43.00,0,0,0,45.00,'2016-08-02 07:23:43','2016-08-02 07:23:44',NULL,NULL),(133,1,1,NULL,43.00,0,0,0,45.00,'2016-08-02 07:24:01','2016-08-02 07:24:01',NULL,NULL),(134,1,1,NULL,43.00,0,0,0,45.00,'2016-08-02 07:25:57','2016-08-02 07:25:57',NULL,NULL),(138,1,1,NULL,37.00,0,0,0,55.00,'2016-08-02 07:38:40','2016-08-02 07:38:40',NULL,NULL),(140,1,1,NULL,37.00,0,0,0,55.00,'2016-08-02 07:39:53','2016-08-02 07:39:54',NULL,NULL),(141,1,1,NULL,43.00,0,0,0,66.00,'2016-08-02 07:46:36','2016-08-02 07:46:36',NULL,NULL),(144,1,1,NULL,43.00,0,0,0,55.00,'2016-08-02 07:53:28','2016-08-02 07:53:28',NULL,NULL),(146,1,1,NULL,43.00,0,0,0,66.00,'2016-08-02 08:06:54','2016-08-02 08:06:54',NULL,NULL),(147,1,1,NULL,43.00,0,0,0,66.00,'2016-08-02 08:07:04','2016-08-02 08:07:04',NULL,NULL),(148,1,1,NULL,43.00,0,0,0,66.00,'2016-08-02 08:07:51','2016-08-02 08:07:51',NULL,NULL),(149,1,1,NULL,43.00,0,0,0,66.00,'2016-08-02 08:09:04','2016-08-02 08:09:04',NULL,NULL),(150,1,1,NULL,43.00,0,0,0,66.00,'2016-08-02 08:09:55','2016-08-02 08:09:55',NULL,NULL),(151,1,1,NULL,43.00,0,0,0,66.00,'2016-08-02 08:10:39','2016-08-02 08:10:39',NULL,NULL),(152,1,1,NULL,43.00,0,0,0,66.00,'2016-08-02 08:13:58','2016-08-02 08:13:58',NULL,NULL),(153,1,1,NULL,43.00,0,0,0,66.00,'2016-08-02 08:20:00','2016-08-02 08:20:00',NULL,NULL),(154,1,1,3,43.00,4,0,0,55.00,'2016-08-02 08:54:56','2016-08-08 17:21:13',NULL,'5b7ece2358762f07a18eebe2c91d32b2'),(155,1,1,3,43.00,4,0,0,55.00,'2016-08-02 08:58:50','2016-08-10 00:08:31',NULL,'301db5e4623678b17faf52d9478362b8'),(156,1,1,NULL,16.00,0,0,0,55.00,'2016-08-02 08:59:16','2016-08-02 08:59:16',NULL,NULL),(157,1,1,NULL,43.00,0,0,0,66.00,'2016-08-02 22:05:25','2016-08-02 22:05:25',NULL,NULL),(158,1,1,NULL,43.00,0,0,0,66.00,'2016-08-02 22:28:46','2016-08-02 22:28:46',NULL,NULL),(159,1,1,NULL,43.00,0,0,0,66.00,'2016-08-02 22:28:47','2016-08-02 22:28:47',NULL,NULL),(160,2,1,NULL,36.00,0,0,1,50.00,'2016-08-02 22:50:33','2016-08-02 22:50:33',NULL,NULL),(161,1,1,NULL,80.00,0,0,1,99.00,'2016-08-02 22:56:09','2016-08-02 22:56:09',NULL,NULL),(162,1,1,NULL,114.00,0,0,0,666.00,'2016-08-03 00:37:04','2016-08-03 00:37:04',NULL,NULL),(163,1,1,NULL,43.00,0,0,0,66.00,'2016-08-03 00:54:29','2016-08-03 00:54:29',NULL,NULL),(164,1,1,NULL,43.00,0,0,0,66.00,'2016-08-03 01:00:57','2016-08-03 01:00:57',NULL,NULL),(165,1,1,NULL,43.00,0,0,0,0.00,'2016-08-03 06:07:32','2016-08-03 06:07:32',NULL,NULL),(166,1,1,NULL,43.00,0,0,0,0.00,'2016-08-03 06:07:36','2016-08-03 06:07:36',NULL,NULL),(167,1,1,NULL,43.00,0,0,0,0.00,'2016-08-03 06:08:30','2016-08-03 06:08:30',NULL,NULL),(168,1,1,NULL,43.00,0,0,0,0.00,'2016-08-03 06:08:33','2016-08-03 06:08:33',NULL,NULL),(169,1,1,NULL,43.00,0,0,0,0.00,'2016-08-03 06:12:48','2016-08-03 06:12:48',NULL,NULL),(170,1,1,NULL,43.00,0,0,0,0.00,'2016-08-03 06:12:53','2016-08-03 06:12:53',NULL,NULL),(171,1,1,NULL,43.00,0,0,0,0.00,'2016-08-03 06:17:08','2016-08-03 06:17:08',NULL,NULL),(172,1,1,NULL,43.00,0,0,0,0.00,'2016-08-03 06:17:42','2016-08-03 06:17:42',NULL,NULL),(173,1,1,NULL,43.00,0,0,0,50.00,'2016-08-03 06:20:51','2016-08-03 06:20:51',NULL,NULL),(174,1,1,NULL,203.00,0,0,0,66666.00,'2016-08-03 08:14:29','2016-08-03 08:14:29',NULL,NULL),(175,1,1,NULL,246.00,0,0,0,5555.00,'2016-08-03 08:26:31','2016-08-03 08:26:31',NULL,NULL),(176,1,1,NULL,160.00,0,0,0,555.00,'2016-08-03 10:05:22','2016-08-03 10:05:22',NULL,NULL),(177,1,1,NULL,164.00,0,0,0,666.00,'2016-08-03 22:20:50','2016-08-03 22:20:50',NULL,NULL),(178,1,1,NULL,41.00,0,0,0,0.00,'2016-08-04 02:26:52','2016-08-04 02:26:53',NULL,NULL),(179,1,1,NULL,64.00,0,0,0,0.00,'2016-08-04 03:21:46','2016-08-04 03:21:46',NULL,NULL),(180,2,1,NULL,82.00,0,0,0,99.00,'2016-08-04 03:23:26','2016-08-04 03:23:26',NULL,NULL),(199,1,1,NULL,42.00,0,0,0,0.00,'2016-08-04 05:50:15','2016-08-04 05:50:15',NULL,NULL),(200,1,1,NULL,43.00,0,0,0,0.00,'2016-08-04 05:52:30','2016-08-04 05:52:30',NULL,NULL),(201,1,1,NULL,78.00,0,0,0,0.00,'2016-08-04 05:56:39','2016-08-04 05:56:39',NULL,NULL),(202,1,1,NULL,121.00,0,0,0,0.00,'2016-08-04 05:57:12','2016-08-04 05:57:12',NULL,NULL),(203,1,1,NULL,999999.99,0,0,0,0.00,'2016-08-04 05:57:53','2016-08-04 05:57:53',NULL,NULL),(204,1,1,NULL,58.00,0,0,0,0.00,'2016-08-04 05:58:54','2016-08-04 05:58:54',NULL,NULL),(205,1,1,NULL,43.00,0,0,0,0.00,'2016-08-04 06:00:04','2016-08-04 06:00:04',NULL,NULL),(206,1,1,NULL,43.00,0,0,0,0.00,'2016-08-04 06:00:12','2016-08-04 06:00:12',NULL,NULL),(207,1,15,NULL,187.00,0,0,0,0.00,'2016-08-04 08:44:40','2016-08-04 08:44:40',NULL,NULL),(208,1,2,NULL,43.00,0,0,0,0.00,'2016-08-04 08:52:45','2016-08-04 08:52:45',NULL,NULL),(209,1,1,NULL,125.00,0,0,0,0.00,'2016-08-04 08:56:43','2016-08-04 08:56:43',NULL,NULL),(210,1,15,NULL,100.00,0,0,0,0.00,'2016-08-04 08:58:29','2016-08-04 08:58:29',NULL,NULL),(211,1,17,NULL,162.00,0,0,0,200.00,'2016-08-04 18:12:34','2016-08-04 18:12:34',NULL,NULL),(212,1,17,NULL,43.00,0,0,0,0.00,'2016-08-04 18:14:57','2016-08-04 18:14:57',NULL,NULL),(213,1,17,NULL,103.00,0,0,0,0.00,'2016-08-04 18:59:14','2016-08-04 18:59:14',NULL,NULL),(214,1,15,NULL,16.00,0,0,0,0.00,'2016-08-04 19:05:17','2016-08-04 19:05:17',NULL,NULL),(215,1,15,NULL,44.00,0,0,0,0.00,'2016-08-04 19:06:21','2016-08-04 19:06:21',NULL,NULL),(216,1,15,3,28.00,5,0,0,0.00,'2016-08-04 19:06:40','2016-08-05 21:30:54',NULL,NULL),(217,2,1,14,48.00,5,0,0,0.00,'2016-08-04 21:04:34','2016-08-08 17:02:14',NULL,NULL),(218,2,1,14,36.00,1,0,0,50.00,'2016-08-04 23:14:22','2016-08-08 17:01:43',NULL,NULL),(219,2,1,NULL,12.00,0,0,1,0.00,'2016-08-08 16:59:46','2016-08-08 16:59:46',NULL,NULL),(220,2,1,NULL,46.00,0,0,0,0.00,'2016-08-08 17:06:01','2016-08-08 17:06:01',NULL,NULL),(221,2,1,NULL,23.00,0,0,0,50.00,'2016-08-08 17:16:42','2016-08-08 17:16:42',NULL,NULL),(222,3,1,NULL,-22.00,0,0,0,0.00,'2016-08-09 00:24:18','2016-08-09 00:24:18',8,NULL),(223,2,1,NULL,60.00,0,0,0,60.00,'2016-08-10 00:01:54','2016-08-10 00:01:54',2,NULL),(224,1,1,NULL,21.00,0,0,0,0.00,'2016-08-10 02:16:29','2016-08-10 02:16:29',NULL,NULL),(225,2,1,NULL,15.00,0,0,0,0.00,'2016-08-10 02:22:06','2016-08-10 02:22:06',NULL,NULL),(226,2,1,NULL,15.00,0,0,0,0.00,'2016-08-10 02:22:30','2016-08-10 02:22:30',NULL,NULL),(227,2,1,NULL,15.00,0,0,0,0.00,'2016-08-10 02:22:54','2016-08-10 02:22:54',NULL,NULL),(228,2,1,NULL,15.00,0,0,0,0.00,'2016-08-10 02:25:28','2016-08-10 02:25:28',NULL,NULL),(229,2,1,NULL,15.00,0,0,0,0.00,'2016-08-10 02:25:34','2016-08-10 02:25:34',NULL,NULL),(230,2,1,NULL,15.00,0,0,0,0.00,'2016-08-10 02:25:54','2016-08-10 02:25:54',NULL,NULL),(231,2,1,NULL,33.00,0,0,0,0.00,'2016-08-10 02:28:52','2016-08-10 02:28:52',NULL,NULL),(232,2,1,NULL,8.00,0,0,0,0.00,'2016-08-11 02:30:51','2016-08-11 02:30:51',NULL,NULL);
/*!40000 ALTER TABLE `pedidos` ENABLE KEYS */;
UNLOCK TABLES;

--
-- Table structure for table `produto_item_pedidos`
--

DROP TABLE IF EXISTS `produto_item_pedidos`;
/*!40101 SET @saved_cs_client     = @@character_set_client */;
/*!40101 SET character_set_client = utf8 */;
CREATE TABLE `produto_item_pedidos` (
  `id` int(10) unsigned NOT NULL AUTO_INCREMENT,
  `pedido_item_id` int(10) unsigned NOT NULL,
  `componente_id` int(10) unsigned NOT NULL,
  `created_at` timestamp NOT NULL DEFAULT '0000-00-00 00:00:00',
  `updated_at` timestamp NOT NULL DEFAULT '0000-00-00 00:00:00',
  PRIMARY KEY (`id`),
  KEY `produto_item_pedidos_pedido_item_id_foreign` (`pedido_item_id`),
  KEY `produto_item_pedidos_componente_id_foreign` (`componente_id`),
  CONSTRAINT `produto_item_pedidos_componente_id_foreign` FOREIGN KEY (`componente_id`) REFERENCES `componentes` (`id`),
  CONSTRAINT `produto_item_pedidos_pedido_item_id_foreign` FOREIGN KEY (`pedido_item_id`) REFERENCES `pedido_items` (`id`)
) ENGINE=InnoDB AUTO_INCREMENT=224 DEFAULT CHARSET=utf8 COLLATE=utf8_unicode_ci;
/*!40101 SET character_set_client = @saved_cs_client */;

--
-- Dumping data for table `produto_item_pedidos`
--

LOCK TABLES `produto_item_pedidos` WRITE;
/*!40000 ALTER TABLE `produto_item_pedidos` DISABLE KEYS */;
INSERT INTO `produto_item_pedidos` VALUES (1,155,5,'0000-00-00 00:00:00','0000-00-00 00:00:00'),(3,156,36,'0000-00-00 00:00:00','0000-00-00 00:00:00'),(8,161,5,'0000-00-00 00:00:00','0000-00-00 00:00:00'),(9,161,39,'0000-00-00 00:00:00','0000-00-00 00:00:00'),(10,166,35,'0000-00-00 00:00:00','0000-00-00 00:00:00'),(11,166,36,'0000-00-00 00:00:00','0000-00-00 00:00:00'),(12,166,37,'0000-00-00 00:00:00','0000-00-00 00:00:00'),(13,166,38,'0000-00-00 00:00:00','0000-00-00 00:00:00'),(16,167,35,'0000-00-00 00:00:00','0000-00-00 00:00:00'),(17,167,36,'0000-00-00 00:00:00','0000-00-00 00:00:00'),(18,167,37,'0000-00-00 00:00:00','0000-00-00 00:00:00'),(19,167,38,'0000-00-00 00:00:00','0000-00-00 00:00:00'),(22,168,37,'0000-00-00 00:00:00','0000-00-00 00:00:00'),(23,168,38,'0000-00-00 00:00:00','0000-00-00 00:00:00'),(24,168,35,'0000-00-00 00:00:00','0000-00-00 00:00:00'),(25,168,36,'0000-00-00 00:00:00','0000-00-00 00:00:00'),(26,169,5,'0000-00-00 00:00:00','0000-00-00 00:00:00'),(27,169,39,'0000-00-00 00:00:00','0000-00-00 00:00:00'),(28,169,37,'0000-00-00 00:00:00','0000-00-00 00:00:00'),(29,169,38,'0000-00-00 00:00:00','0000-00-00 00:00:00'),(30,170,5,'0000-00-00 00:00:00','0000-00-00 00:00:00'),(31,170,39,'0000-00-00 00:00:00','0000-00-00 00:00:00'),(32,170,35,'0000-00-00 00:00:00','0000-00-00 00:00:00'),(33,170,36,'0000-00-00 00:00:00','0000-00-00 00:00:00'),(34,170,37,'0000-00-00 00:00:00','0000-00-00 00:00:00'),(35,170,38,'0000-00-00 00:00:00','0000-00-00 00:00:00'),(42,185,5,'0000-00-00 00:00:00','0000-00-00 00:00:00'),(43,185,39,'0000-00-00 00:00:00','0000-00-00 00:00:00'),(47,187,35,'0000-00-00 00:00:00','0000-00-00 00:00:00'),(48,187,36,'0000-00-00 00:00:00','0000-00-00 00:00:00'),(49,187,37,'0000-00-00 00:00:00','0000-00-00 00:00:00'),(50,189,5,'0000-00-00 00:00:00','0000-00-00 00:00:00'),(51,189,39,'0000-00-00 00:00:00','0000-00-00 00:00:00'),(52,189,35,'0000-00-00 00:00:00','0000-00-00 00:00:00'),(53,189,36,'0000-00-00 00:00:00','0000-00-00 00:00:00'),(54,189,37,'0000-00-00 00:00:00','0000-00-00 00:00:00'),(55,189,38,'0000-00-00 00:00:00','0000-00-00 00:00:00'),(56,190,5,'0000-00-00 00:00:00','0000-00-00 00:00:00'),(57,190,39,'0000-00-00 00:00:00','0000-00-00 00:00:00'),(58,190,35,'0000-00-00 00:00:00','0000-00-00 00:00:00'),(59,190,36,'0000-00-00 00:00:00','0000-00-00 00:00:00'),(60,190,37,'0000-00-00 00:00:00','0000-00-00 00:00:00'),(61,190,38,'0000-00-00 00:00:00','0000-00-00 00:00:00'),(62,191,22,'0000-00-00 00:00:00','0000-00-00 00:00:00'),(63,191,5,'0000-00-00 00:00:00','0000-00-00 00:00:00'),(64,191,11,'0000-00-00 00:00:00','0000-00-00 00:00:00'),(65,191,24,'0000-00-00 00:00:00','0000-00-00 00:00:00'),(66,191,19,'0000-00-00 00:00:00','0000-00-00 00:00:00'),(67,191,14,'0000-00-00 00:00:00','0000-00-00 00:00:00'),(68,191,13,'0000-00-00 00:00:00','0000-00-00 00:00:00'),(69,191,39,'0000-00-00 00:00:00','0000-00-00 00:00:00'),(70,191,35,'0000-00-00 00:00:00','0000-00-00 00:00:00'),(71,191,36,'0000-00-00 00:00:00','0000-00-00 00:00:00'),(72,191,37,'0000-00-00 00:00:00','0000-00-00 00:00:00'),(73,191,38,'0000-00-00 00:00:00','0000-00-00 00:00:00'),(74,192,35,'0000-00-00 00:00:00','0000-00-00 00:00:00'),(75,192,36,'0000-00-00 00:00:00','0000-00-00 00:00:00'),(76,192,37,'0000-00-00 00:00:00','0000-00-00 00:00:00'),(77,192,38,'0000-00-00 00:00:00','0000-00-00 00:00:00'),(78,194,22,'0000-00-00 00:00:00','0000-00-00 00:00:00'),(79,194,5,'0000-00-00 00:00:00','0000-00-00 00:00:00'),(80,194,11,'0000-00-00 00:00:00','0000-00-00 00:00:00'),(81,194,24,'0000-00-00 00:00:00','0000-00-00 00:00:00'),(82,194,19,'0000-00-00 00:00:00','0000-00-00 00:00:00'),(83,194,35,'0000-00-00 00:00:00','0000-00-00 00:00:00'),(84,194,36,'0000-00-00 00:00:00','0000-00-00 00:00:00'),(85,194,37,'0000-00-00 00:00:00','0000-00-00 00:00:00'),(86,194,38,'0000-00-00 00:00:00','0000-00-00 00:00:00'),(87,195,22,'0000-00-00 00:00:00','0000-00-00 00:00:00'),(88,195,5,'0000-00-00 00:00:00','0000-00-00 00:00:00'),(89,195,11,'0000-00-00 00:00:00','0000-00-00 00:00:00'),(90,195,24,'0000-00-00 00:00:00','0000-00-00 00:00:00'),(91,195,19,'0000-00-00 00:00:00','0000-00-00 00:00:00'),(92,195,14,'0000-00-00 00:00:00','0000-00-00 00:00:00'),(93,195,13,'0000-00-00 00:00:00','0000-00-00 00:00:00'),(94,195,39,'0000-00-00 00:00:00','0000-00-00 00:00:00'),(95,195,35,'0000-00-00 00:00:00','0000-00-00 00:00:00'),(96,195,36,'0000-00-00 00:00:00','0000-00-00 00:00:00'),(97,195,37,'0000-00-00 00:00:00','0000-00-00 00:00:00'),(98,195,38,'0000-00-00 00:00:00','0000-00-00 00:00:00'),(99,196,22,'0000-00-00 00:00:00','0000-00-00 00:00:00'),(100,196,5,'0000-00-00 00:00:00','0000-00-00 00:00:00'),(101,196,11,'0000-00-00 00:00:00','0000-00-00 00:00:00'),(102,196,24,'0000-00-00 00:00:00','0000-00-00 00:00:00'),(103,196,19,'0000-00-00 00:00:00','0000-00-00 00:00:00'),(104,196,14,'0000-00-00 00:00:00','0000-00-00 00:00:00'),(105,196,13,'0000-00-00 00:00:00','0000-00-00 00:00:00'),(106,196,39,'0000-00-00 00:00:00','0000-00-00 00:00:00'),(107,196,35,'0000-00-00 00:00:00','0000-00-00 00:00:00'),(108,196,36,'0000-00-00 00:00:00','0000-00-00 00:00:00'),(109,196,37,'0000-00-00 00:00:00','0000-00-00 00:00:00'),(110,196,38,'0000-00-00 00:00:00','0000-00-00 00:00:00'),(111,203,22,'0000-00-00 00:00:00','0000-00-00 00:00:00'),(112,203,5,'0000-00-00 00:00:00','0000-00-00 00:00:00'),(113,203,11,'0000-00-00 00:00:00','0000-00-00 00:00:00'),(114,205,22,'0000-00-00 00:00:00','0000-00-00 00:00:00'),(115,205,5,'0000-00-00 00:00:00','0000-00-00 00:00:00'),(116,205,11,'0000-00-00 00:00:00','0000-00-00 00:00:00'),(117,205,24,'0000-00-00 00:00:00','0000-00-00 00:00:00'),(118,206,22,'0000-00-00 00:00:00','0000-00-00 00:00:00'),(119,206,5,'0000-00-00 00:00:00','0000-00-00 00:00:00'),(120,206,11,'0000-00-00 00:00:00','0000-00-00 00:00:00'),(121,206,24,'0000-00-00 00:00:00','0000-00-00 00:00:00'),(122,207,22,'0000-00-00 00:00:00','0000-00-00 00:00:00'),(123,207,5,'0000-00-00 00:00:00','0000-00-00 00:00:00'),(124,207,11,'0000-00-00 00:00:00','0000-00-00 00:00:00'),(125,207,24,'0000-00-00 00:00:00','0000-00-00 00:00:00'),(126,208,22,'0000-00-00 00:00:00','0000-00-00 00:00:00'),(127,208,5,'0000-00-00 00:00:00','0000-00-00 00:00:00'),(128,208,11,'0000-00-00 00:00:00','0000-00-00 00:00:00'),(129,208,24,'0000-00-00 00:00:00','0000-00-00 00:00:00'),(130,209,22,'0000-00-00 00:00:00','0000-00-00 00:00:00'),(131,209,5,'0000-00-00 00:00:00','0000-00-00 00:00:00'),(132,209,11,'0000-00-00 00:00:00','0000-00-00 00:00:00'),(133,209,24,'0000-00-00 00:00:00','0000-00-00 00:00:00'),(134,210,22,'0000-00-00 00:00:00','0000-00-00 00:00:00'),(135,210,5,'0000-00-00 00:00:00','0000-00-00 00:00:00'),(136,210,11,'0000-00-00 00:00:00','0000-00-00 00:00:00'),(137,210,24,'0000-00-00 00:00:00','0000-00-00 00:00:00'),(138,211,22,'0000-00-00 00:00:00','0000-00-00 00:00:00'),(139,211,5,'0000-00-00 00:00:00','0000-00-00 00:00:00'),(140,211,11,'0000-00-00 00:00:00','0000-00-00 00:00:00'),(141,211,24,'0000-00-00 00:00:00','0000-00-00 00:00:00'),(142,212,22,'0000-00-00 00:00:00','0000-00-00 00:00:00'),(143,212,5,'0000-00-00 00:00:00','0000-00-00 00:00:00'),(144,212,11,'0000-00-00 00:00:00','0000-00-00 00:00:00'),(145,212,24,'0000-00-00 00:00:00','0000-00-00 00:00:00'),(146,213,22,'0000-00-00 00:00:00','0000-00-00 00:00:00'),(147,213,5,'0000-00-00 00:00:00','0000-00-00 00:00:00'),(148,213,11,'0000-00-00 00:00:00','0000-00-00 00:00:00'),(149,213,24,'0000-00-00 00:00:00','0000-00-00 00:00:00'),(150,214,39,'0000-00-00 00:00:00','0000-00-00 00:00:00'),(151,215,22,'0000-00-00 00:00:00','0000-00-00 00:00:00'),(152,215,5,'0000-00-00 00:00:00','0000-00-00 00:00:00'),(153,217,39,'0000-00-00 00:00:00','0000-00-00 00:00:00'),(154,218,22,'0000-00-00 00:00:00','0000-00-00 00:00:00'),(155,218,5,'0000-00-00 00:00:00','0000-00-00 00:00:00'),(156,221,22,'0000-00-00 00:00:00','0000-00-00 00:00:00'),(157,221,5,'0000-00-00 00:00:00','0000-00-00 00:00:00'),(158,221,35,'0000-00-00 00:00:00','0000-00-00 00:00:00'),(159,221,37,'0000-00-00 00:00:00','0000-00-00 00:00:00'),(160,224,11,'0000-00-00 00:00:00','0000-00-00 00:00:00'),(161,224,24,'0000-00-00 00:00:00','0000-00-00 00:00:00'),(162,224,38,'0000-00-00 00:00:00','0000-00-00 00:00:00'),(163,225,22,'0000-00-00 00:00:00','0000-00-00 00:00:00'),(164,225,5,'0000-00-00 00:00:00','0000-00-00 00:00:00'),(165,225,11,'0000-00-00 00:00:00','0000-00-00 00:00:00'),(166,225,35,'0000-00-00 00:00:00','0000-00-00 00:00:00'),(167,225,36,'0000-00-00 00:00:00','0000-00-00 00:00:00'),(168,225,37,'0000-00-00 00:00:00','0000-00-00 00:00:00'),(169,232,22,'0000-00-00 00:00:00','0000-00-00 00:00:00'),(170,232,5,'0000-00-00 00:00:00','0000-00-00 00:00:00'),(171,232,11,'0000-00-00 00:00:00','0000-00-00 00:00:00'),(172,232,24,'0000-00-00 00:00:00','0000-00-00 00:00:00'),(173,232,40,'0000-00-00 00:00:00','0000-00-00 00:00:00'),(174,232,39,'0000-00-00 00:00:00','0000-00-00 00:00:00'),(175,232,37,'0000-00-00 00:00:00','0000-00-00 00:00:00'),(176,232,38,'0000-00-00 00:00:00','0000-00-00 00:00:00'),(177,254,22,'0000-00-00 00:00:00','0000-00-00 00:00:00'),(178,254,5,'0000-00-00 00:00:00','0000-00-00 00:00:00'),(179,254,11,'0000-00-00 00:00:00','0000-00-00 00:00:00'),(180,254,24,'0000-00-00 00:00:00','0000-00-00 00:00:00'),(181,255,22,'0000-00-00 00:00:00','0000-00-00 00:00:00'),(182,255,5,'0000-00-00 00:00:00','0000-00-00 00:00:00'),(183,256,22,'0000-00-00 00:00:00','0000-00-00 00:00:00'),(184,256,5,'0000-00-00 00:00:00','0000-00-00 00:00:00'),(185,257,40,'0000-00-00 00:00:00','0000-00-00 00:00:00'),(186,258,14,'0000-00-00 00:00:00','0000-00-00 00:00:00'),(187,261,22,'0000-00-00 00:00:00','0000-00-00 00:00:00'),(188,261,5,'0000-00-00 00:00:00','0000-00-00 00:00:00'),(189,261,11,'0000-00-00 00:00:00','0000-00-00 00:00:00'),(190,261,37,'0000-00-00 00:00:00','0000-00-00 00:00:00'),(191,261,38,'0000-00-00 00:00:00','0000-00-00 00:00:00'),(192,265,35,'0000-00-00 00:00:00','0000-00-00 00:00:00'),(193,265,37,'0000-00-00 00:00:00','0000-00-00 00:00:00'),(194,268,19,'0000-00-00 00:00:00','0000-00-00 00:00:00'),(195,268,14,'0000-00-00 00:00:00','0000-00-00 00:00:00'),(196,271,22,'0000-00-00 00:00:00','0000-00-00 00:00:00'),(197,271,5,'0000-00-00 00:00:00','0000-00-00 00:00:00'),(198,271,36,'0000-00-00 00:00:00','0000-00-00 00:00:00'),(199,271,38,'0000-00-00 00:00:00','0000-00-00 00:00:00'),(200,273,22,'0000-00-00 00:00:00','0000-00-00 00:00:00'),(201,273,5,'0000-00-00 00:00:00','0000-00-00 00:00:00'),(202,273,11,'0000-00-00 00:00:00','0000-00-00 00:00:00'),(203,273,35,'0000-00-00 00:00:00','0000-00-00 00:00:00'),(204,273,36,'0000-00-00 00:00:00','0000-00-00 00:00:00'),(205,273,37,'0000-00-00 00:00:00','0000-00-00 00:00:00'),(206,273,38,'0000-00-00 00:00:00','0000-00-00 00:00:00'),(207,281,12,'0000-00-00 00:00:00','0000-00-00 00:00:00'),(208,281,3,'0000-00-00 00:00:00','0000-00-00 00:00:00'),(209,281,41,'0000-00-00 00:00:00','0000-00-00 00:00:00'),(210,285,5,'0000-00-00 00:00:00','0000-00-00 00:00:00'),(211,285,9,'0000-00-00 00:00:00','0000-00-00 00:00:00'),(212,285,1,'0000-00-00 00:00:00','0000-00-00 00:00:00'),(213,285,42,'0000-00-00 00:00:00','0000-00-00 00:00:00'),(214,285,43,'0000-00-00 00:00:00','0000-00-00 00:00:00'),(215,285,44,'0000-00-00 00:00:00','0000-00-00 00:00:00'),(216,288,5,'0000-00-00 00:00:00','0000-00-00 00:00:00'),(217,288,9,'0000-00-00 00:00:00','0000-00-00 00:00:00'),(218,288,41,'0000-00-00 00:00:00','0000-00-00 00:00:00'),(219,288,42,'0000-00-00 00:00:00','0000-00-00 00:00:00'),(220,291,1,'0000-00-00 00:00:00','0000-00-00 00:00:00'),(221,291,13,'0000-00-00 00:00:00','0000-00-00 00:00:00'),(222,291,6,'0000-00-00 00:00:00','0000-00-00 00:00:00'),(223,291,54,'0000-00-00 00:00:00','0000-00-00 00:00:00');
/*!40000 ALTER TABLE `produto_item_pedidos` ENABLE KEYS */;
UNLOCK TABLES;

--
-- Table structure for table `produto_items`
--

DROP TABLE IF EXISTS `produto_items`;
/*!40101 SET @saved_cs_client     = @@character_set_client */;
/*!40101 SET character_set_client = utf8 */;
CREATE TABLE `produto_items` (
  `id` int(10) unsigned NOT NULL AUTO_INCREMENT,
  `produto_id` int(10) unsigned NOT NULL,
  `componente_id` int(10) unsigned NOT NULL,
  `created_at` timestamp NOT NULL DEFAULT '0000-00-00 00:00:00',
  `updated_at` timestamp NOT NULL DEFAULT '0000-00-00 00:00:00',
  PRIMARY KEY (`id`),
  KEY `produto_items_produto_id_foreign` (`produto_id`),
  KEY `produto_items_componente_id_foreign` (`componente_id`),
  CONSTRAINT `produto_items_componente_id_foreign` FOREIGN KEY (`componente_id`) REFERENCES `componentes` (`id`) ON DELETE CASCADE,
  CONSTRAINT `produto_items_produto_id_foreign` FOREIGN KEY (`produto_id`) REFERENCES `produtos` (`id`) ON DELETE CASCADE
) ENGINE=InnoDB AUTO_INCREMENT=180 DEFAULT CHARSET=utf8 COLLATE=utf8_unicode_ci;
/*!40101 SET character_set_client = @saved_cs_client */;

--
-- Dumping data for table `produto_items`
--

LOCK TABLES `produto_items` WRITE;
/*!40000 ALTER TABLE `produto_items` DISABLE KEYS */;
INSERT INTO `produto_items` VALUES (9,52,35,'0000-00-00 00:00:00','0000-00-00 00:00:00'),(10,52,36,'0000-00-00 00:00:00','0000-00-00 00:00:00'),(11,52,37,'0000-00-00 00:00:00','0000-00-00 00:00:00'),(12,52,38,'0000-00-00 00:00:00','0000-00-00 00:00:00'),(13,53,35,'0000-00-00 00:00:00','0000-00-00 00:00:00'),(14,53,36,'0000-00-00 00:00:00','0000-00-00 00:00:00'),(15,53,37,'0000-00-00 00:00:00','0000-00-00 00:00:00'),(16,53,38,'0000-00-00 00:00:00','0000-00-00 00:00:00'),(17,51,35,'0000-00-00 00:00:00','0000-00-00 00:00:00'),(18,51,36,'0000-00-00 00:00:00','0000-00-00 00:00:00'),(19,51,37,'0000-00-00 00:00:00','0000-00-00 00:00:00'),(20,51,38,'0000-00-00 00:00:00','0000-00-00 00:00:00'),(21,56,41,'0000-00-00 00:00:00','0000-00-00 00:00:00'),(22,56,42,'0000-00-00 00:00:00','0000-00-00 00:00:00'),(23,56,43,'0000-00-00 00:00:00','0000-00-00 00:00:00'),(24,56,44,'0000-00-00 00:00:00','0000-00-00 00:00:00'),(25,56,45,'0000-00-00 00:00:00','0000-00-00 00:00:00'),(26,56,46,'0000-00-00 00:00:00','0000-00-00 00:00:00'),(27,56,47,'0000-00-00 00:00:00','0000-00-00 00:00:00'),(28,57,41,'0000-00-00 00:00:00','0000-00-00 00:00:00'),(29,57,42,'0000-00-00 00:00:00','0000-00-00 00:00:00'),(30,57,43,'0000-00-00 00:00:00','0000-00-00 00:00:00'),(31,57,44,'0000-00-00 00:00:00','0000-00-00 00:00:00'),(32,57,45,'0000-00-00 00:00:00','0000-00-00 00:00:00'),(33,57,46,'0000-00-00 00:00:00','0000-00-00 00:00:00'),(34,57,47,'0000-00-00 00:00:00','0000-00-00 00:00:00'),(35,58,41,'0000-00-00 00:00:00','0000-00-00 00:00:00'),(36,58,42,'0000-00-00 00:00:00','0000-00-00 00:00:00'),(37,58,43,'0000-00-00 00:00:00','0000-00-00 00:00:00'),(38,58,44,'0000-00-00 00:00:00','0000-00-00 00:00:00'),(39,58,45,'0000-00-00 00:00:00','0000-00-00 00:00:00'),(40,58,46,'0000-00-00 00:00:00','0000-00-00 00:00:00'),(41,58,47,'0000-00-00 00:00:00','0000-00-00 00:00:00'),(42,59,41,'0000-00-00 00:00:00','0000-00-00 00:00:00'),(43,59,42,'0000-00-00 00:00:00','0000-00-00 00:00:00'),(44,59,43,'0000-00-00 00:00:00','0000-00-00 00:00:00'),(45,59,44,'0000-00-00 00:00:00','0000-00-00 00:00:00'),(46,59,45,'0000-00-00 00:00:00','0000-00-00 00:00:00'),(47,59,46,'0000-00-00 00:00:00','0000-00-00 00:00:00'),(48,59,47,'0000-00-00 00:00:00','0000-00-00 00:00:00'),(49,60,41,'0000-00-00 00:00:00','0000-00-00 00:00:00'),(50,60,48,'0000-00-00 00:00:00','0000-00-00 00:00:00'),(51,60,43,'0000-00-00 00:00:00','0000-00-00 00:00:00'),(52,60,44,'0000-00-00 00:00:00','0000-00-00 00:00:00'),(53,60,45,'0000-00-00 00:00:00','0000-00-00 00:00:00'),(54,60,46,'0000-00-00 00:00:00','0000-00-00 00:00:00'),(55,60,49,'0000-00-00 00:00:00','0000-00-00 00:00:00'),(56,60,47,'0000-00-00 00:00:00','0000-00-00 00:00:00'),(57,61,41,'0000-00-00 00:00:00','0000-00-00 00:00:00'),(58,61,48,'0000-00-00 00:00:00','0000-00-00 00:00:00'),(59,61,43,'0000-00-00 00:00:00','0000-00-00 00:00:00'),(60,61,44,'0000-00-00 00:00:00','0000-00-00 00:00:00'),(61,61,45,'0000-00-00 00:00:00','0000-00-00 00:00:00'),(62,61,46,'0000-00-00 00:00:00','0000-00-00 00:00:00'),(63,61,49,'0000-00-00 00:00:00','0000-00-00 00:00:00'),(64,61,47,'0000-00-00 00:00:00','0000-00-00 00:00:00'),(65,62,41,'0000-00-00 00:00:00','0000-00-00 00:00:00'),(66,62,48,'0000-00-00 00:00:00','0000-00-00 00:00:00'),(67,62,43,'0000-00-00 00:00:00','0000-00-00 00:00:00'),(68,62,44,'0000-00-00 00:00:00','0000-00-00 00:00:00'),(69,62,45,'0000-00-00 00:00:00','0000-00-00 00:00:00'),(70,62,46,'0000-00-00 00:00:00','0000-00-00 00:00:00'),(71,62,49,'0000-00-00 00:00:00','0000-00-00 00:00:00'),(72,62,47,'0000-00-00 00:00:00','0000-00-00 00:00:00'),(73,63,41,'0000-00-00 00:00:00','0000-00-00 00:00:00'),(74,63,42,'0000-00-00 00:00:00','0000-00-00 00:00:00'),(75,63,43,'0000-00-00 00:00:00','0000-00-00 00:00:00'),(76,63,44,'0000-00-00 00:00:00','0000-00-00 00:00:00'),(77,63,45,'0000-00-00 00:00:00','0000-00-00 00:00:00'),(78,63,46,'0000-00-00 00:00:00','0000-00-00 00:00:00'),(79,63,47,'0000-00-00 00:00:00','0000-00-00 00:00:00'),(80,59,50,'0000-00-00 00:00:00','0000-00-00 00:00:00'),(81,58,50,'0000-00-00 00:00:00','0000-00-00 00:00:00'),(82,57,50,'0000-00-00 00:00:00','0000-00-00 00:00:00'),(83,56,50,'0000-00-00 00:00:00','0000-00-00 00:00:00'),(84,64,41,'0000-00-00 00:00:00','0000-00-00 00:00:00'),(85,64,42,'0000-00-00 00:00:00','0000-00-00 00:00:00'),(86,64,43,'0000-00-00 00:00:00','0000-00-00 00:00:00'),(87,64,44,'0000-00-00 00:00:00','0000-00-00 00:00:00'),(88,64,45,'0000-00-00 00:00:00','0000-00-00 00:00:00'),(89,64,46,'0000-00-00 00:00:00','0000-00-00 00:00:00'),(90,64,47,'0000-00-00 00:00:00','0000-00-00 00:00:00'),(91,65,41,'0000-00-00 00:00:00','0000-00-00 00:00:00'),(92,65,42,'0000-00-00 00:00:00','0000-00-00 00:00:00'),(93,65,43,'0000-00-00 00:00:00','0000-00-00 00:00:00'),(94,65,44,'0000-00-00 00:00:00','0000-00-00 00:00:00'),(95,65,45,'0000-00-00 00:00:00','0000-00-00 00:00:00'),(96,65,46,'0000-00-00 00:00:00','0000-00-00 00:00:00'),(97,65,47,'0000-00-00 00:00:00','0000-00-00 00:00:00'),(98,66,41,'0000-00-00 00:00:00','0000-00-00 00:00:00'),(99,66,42,'0000-00-00 00:00:00','0000-00-00 00:00:00'),(100,66,43,'0000-00-00 00:00:00','0000-00-00 00:00:00'),(101,66,44,'0000-00-00 00:00:00','0000-00-00 00:00:00'),(102,66,45,'0000-00-00 00:00:00','0000-00-00 00:00:00'),(103,66,46,'0000-00-00 00:00:00','0000-00-00 00:00:00'),(104,66,47,'0000-00-00 00:00:00','0000-00-00 00:00:00'),(105,67,41,'0000-00-00 00:00:00','0000-00-00 00:00:00'),(106,67,42,'0000-00-00 00:00:00','0000-00-00 00:00:00'),(107,67,43,'0000-00-00 00:00:00','0000-00-00 00:00:00'),(108,67,44,'0000-00-00 00:00:00','0000-00-00 00:00:00'),(109,67,45,'0000-00-00 00:00:00','0000-00-00 00:00:00'),(110,67,46,'0000-00-00 00:00:00','0000-00-00 00:00:00'),(111,67,47,'0000-00-00 00:00:00','0000-00-00 00:00:00'),(112,67,51,'0000-00-00 00:00:00','0000-00-00 00:00:00'),(113,67,52,'0000-00-00 00:00:00','0000-00-00 00:00:00'),(114,68,41,'0000-00-00 00:00:00','0000-00-00 00:00:00'),(115,68,42,'0000-00-00 00:00:00','0000-00-00 00:00:00'),(116,68,43,'0000-00-00 00:00:00','0000-00-00 00:00:00'),(117,68,44,'0000-00-00 00:00:00','0000-00-00 00:00:00'),(118,68,45,'0000-00-00 00:00:00','0000-00-00 00:00:00'),(119,68,46,'0000-00-00 00:00:00','0000-00-00 00:00:00'),(120,68,47,'0000-00-00 00:00:00','0000-00-00 00:00:00'),(121,68,51,'0000-00-00 00:00:00','0000-00-00 00:00:00'),(122,68,52,'0000-00-00 00:00:00','0000-00-00 00:00:00'),(123,69,41,'0000-00-00 00:00:00','0000-00-00 00:00:00'),(124,69,42,'0000-00-00 00:00:00','0000-00-00 00:00:00'),(125,69,43,'0000-00-00 00:00:00','0000-00-00 00:00:00'),(126,69,44,'0000-00-00 00:00:00','0000-00-00 00:00:00'),(127,69,45,'0000-00-00 00:00:00','0000-00-00 00:00:00'),(128,69,46,'0000-00-00 00:00:00','0000-00-00 00:00:00'),(129,69,47,'0000-00-00 00:00:00','0000-00-00 00:00:00'),(130,69,51,'0000-00-00 00:00:00','0000-00-00 00:00:00'),(131,69,52,'0000-00-00 00:00:00','0000-00-00 00:00:00'),(132,70,41,'0000-00-00 00:00:00','0000-00-00 00:00:00'),(133,70,42,'0000-00-00 00:00:00','0000-00-00 00:00:00'),(134,70,43,'0000-00-00 00:00:00','0000-00-00 00:00:00'),(135,70,44,'0000-00-00 00:00:00','0000-00-00 00:00:00'),(136,70,45,'0000-00-00 00:00:00','0000-00-00 00:00:00'),(137,70,46,'0000-00-00 00:00:00','0000-00-00 00:00:00'),(138,70,47,'0000-00-00 00:00:00','0000-00-00 00:00:00'),(139,70,51,'0000-00-00 00:00:00','0000-00-00 00:00:00'),(140,70,52,'0000-00-00 00:00:00','0000-00-00 00:00:00'),(141,71,41,'0000-00-00 00:00:00','0000-00-00 00:00:00'),(142,71,53,'0000-00-00 00:00:00','0000-00-00 00:00:00'),(143,71,54,'0000-00-00 00:00:00','0000-00-00 00:00:00'),(144,72,41,'0000-00-00 00:00:00','0000-00-00 00:00:00'),(145,72,53,'0000-00-00 00:00:00','0000-00-00 00:00:00'),(146,72,54,'0000-00-00 00:00:00','0000-00-00 00:00:00'),(147,73,41,'0000-00-00 00:00:00','0000-00-00 00:00:00'),(148,73,53,'0000-00-00 00:00:00','0000-00-00 00:00:00'),(149,73,54,'0000-00-00 00:00:00','0000-00-00 00:00:00'),(150,74,41,'0000-00-00 00:00:00','0000-00-00 00:00:00'),(151,74,53,'0000-00-00 00:00:00','0000-00-00 00:00:00'),(152,74,54,'0000-00-00 00:00:00','0000-00-00 00:00:00'),(153,75,52,'0000-00-00 00:00:00','0000-00-00 00:00:00'),(154,76,51,'0000-00-00 00:00:00','0000-00-00 00:00:00'),(155,77,55,'0000-00-00 00:00:00','0000-00-00 00:00:00'),(156,91,41,'0000-00-00 00:00:00','0000-00-00 00:00:00'),(157,91,42,'0000-00-00 00:00:00','0000-00-00 00:00:00'),(158,91,43,'0000-00-00 00:00:00','0000-00-00 00:00:00'),(159,91,44,'0000-00-00 00:00:00','0000-00-00 00:00:00'),(160,91,45,'0000-00-00 00:00:00','0000-00-00 00:00:00'),(161,91,46,'0000-00-00 00:00:00','0000-00-00 00:00:00'),(162,91,47,'0000-00-00 00:00:00','0000-00-00 00:00:00'),(163,92,41,'0000-00-00 00:00:00','0000-00-00 00:00:00'),(164,92,42,'0000-00-00 00:00:00','0000-00-00 00:00:00'),(165,92,43,'0000-00-00 00:00:00','0000-00-00 00:00:00'),(166,92,44,'0000-00-00 00:00:00','0000-00-00 00:00:00'),(167,92,45,'0000-00-00 00:00:00','0000-00-00 00:00:00'),(168,92,46,'0000-00-00 00:00:00','0000-00-00 00:00:00'),(169,92,47,'0000-00-00 00:00:00','0000-00-00 00:00:00'),(170,92,50,'0000-00-00 00:00:00','0000-00-00 00:00:00'),(171,93,41,'0000-00-00 00:00:00','0000-00-00 00:00:00'),(172,93,42,'0000-00-00 00:00:00','0000-00-00 00:00:00'),(173,93,43,'0000-00-00 00:00:00','0000-00-00 00:00:00'),(174,93,44,'0000-00-00 00:00:00','0000-00-00 00:00:00'),(175,93,45,'0000-00-00 00:00:00','0000-00-00 00:00:00'),(176,93,46,'0000-00-00 00:00:00','0000-00-00 00:00:00'),(177,93,47,'0000-00-00 00:00:00','0000-00-00 00:00:00'),(179,93,54,'0000-00-00 00:00:00','0000-00-00 00:00:00');
/*!40000 ALTER TABLE `produto_items` ENABLE KEYS */;
UNLOCK TABLES;

--
-- Table structure for table `produtos`
--

DROP TABLE IF EXISTS `produtos`;
/*!40101 SET @saved_cs_client     = @@character_set_client */;
/*!40101 SET character_set_client = utf8 */;
CREATE TABLE `produtos` (
  `id` int(10) unsigned NOT NULL AUTO_INCREMENT,
  `categoria_id` int(10) unsigned NOT NULL,
  `empresa_id` int(10) unsigned NOT NULL,
  `nome` varchar(255) COLLATE utf8_unicode_ci NOT NULL,
  `descricao` text COLLATE utf8_unicode_ci NOT NULL,
  `tamanho` char(255) COLLATE utf8_unicode_ci NOT NULL,
  `preco` decimal(8,2) NOT NULL,
  `imagem` text COLLATE utf8_unicode_ci,
  `created_at` timestamp NOT NULL DEFAULT '0000-00-00 00:00:00',
  `updated_at` timestamp NOT NULL DEFAULT '0000-00-00 00:00:00',
  `adicionais` int(11) DEFAULT NULL,
  PRIMARY KEY (`id`),
  KEY `produtos_categoria_id_foreign` (`categoria_id`),
  KEY `produtos_empresa_id_foreign` (`empresa_id`),
  CONSTRAINT `produtos_categoria_id_foreign` FOREIGN KEY (`categoria_id`) REFERENCES `categorias` (`id`),
  CONSTRAINT `produtos_empresa_id_foreign` FOREIGN KEY (`empresa_id`) REFERENCES `empresas` (`id`)
) ENGINE=InnoDB AUTO_INCREMENT=94 DEFAULT CHARSET=utf8 COLLATE=utf8_unicode_ci;
/*!40101 SET character_set_client = @saved_cs_client */;

--
-- Dumping data for table `produtos`
--

LOCK TABLES `produtos` WRITE;
/*!40000 ALTER TABLE `produtos` DISABLE KEYS */;
INSERT INTO `produtos` VALUES (1,1,3,'fugit','Deleniti molestias nostrum qui reprehenderit omnis nemo quis.','',21.00,NULL,'2016-07-28 22:26:31','2016-07-28 22:26:31',NULL),(2,1,3,'sint','Facilis delectus itaque eos est quo aut exercitationem.','N',28.00,NULL,'2016-07-28 22:26:31','2016-07-31 19:57:05',NULL),(3,1,3,'dolores','Consectetur quisquam nulla eius quas accusantium et quisquam.','',31.00,NULL,'2016-07-28 22:26:31','2016-07-28 22:26:31',NULL),(4,1,3,'alias','Unde sit quo corporis tenetur.','',17.00,NULL,'2016-07-28 22:26:31','2016-07-28 22:26:31',NULL),(5,1,3,'dolor','Distinctio esse modi soluta distinctio velit sed.','',46.00,NULL,'2016-07-28 22:26:31','2016-07-28 22:26:31',NULL),(6,1,3,'beatae','Cumque voluptates voluptas similique voluptatem atque labore alias quod.','',20.00,NULL,'2016-07-28 22:26:31','2016-07-28 22:26:31',NULL),(7,1,3,'asperiores','Eius laudantium sapiente possimus non.','',23.00,NULL,'2016-07-28 22:26:31','2016-07-28 22:26:31',NULL),(8,1,3,'aut','Vel quia aspernatur pariatur rem velit.','',26.00,NULL,'2016-07-28 22:26:31','2016-07-28 22:26:31',NULL),(9,1,3,'voluptate','Possimus rerum vitae optio voluptatem tempore perferendis veritatis.','',36.00,NULL,'2016-07-28 22:26:31','2016-07-28 22:26:31',NULL),(10,1,3,'exercitationem','Quas quas occaecati eligendi in quos possimus dolore.','',21.00,NULL,'2016-07-28 22:26:31','2016-07-28 22:26:31',NULL),(11,2,3,'quo','Omnis voluptatem magnam ipsa incidunt nulla maxime.','',39.00,NULL,'2016-07-28 22:26:31','2016-07-28 22:26:31',NULL),(12,2,3,'in','Aut quod id est ipsum dolore nulla accusantium.','',34.00,NULL,'2016-07-28 22:26:31','2016-07-28 22:26:31',NULL),(13,2,3,'illum','Sint in ea corrupti rerum.','',39.00,NULL,'2016-07-28 22:26:31','2016-07-28 22:26:31',NULL),(14,2,3,'ullam','Et ipsum sint vitae quam.','',46.00,NULL,'2016-07-28 22:26:31','2016-07-28 22:26:31',NULL),(15,2,3,'qui','Unde cum eius illo ea et maxime.','',43.00,NULL,'2016-07-28 22:26:31','2016-07-28 22:26:31',NULL),(16,2,3,'ex','Occaecati assumenda velit ut sequi.','',25.00,NULL,'2016-07-28 22:26:31','2016-07-28 22:26:31',NULL),(17,2,3,'eos','Culpa sit ab aliquam id dolores cum eos.','',44.00,NULL,'2016-07-28 22:26:31','2016-07-28 22:26:31',NULL),(18,2,3,'amet','Ut hic mollitia qui est aut.','',34.00,NULL,'2016-07-28 22:26:31','2016-07-28 22:26:31',NULL),(19,2,3,'nihil','Qui labore et laborum nam illum voluptates.','',36.00,NULL,'2016-07-28 22:26:31','2016-07-28 22:26:31',NULL),(20,2,3,'ipsum','Corrupti dolorem vel qui rem quis repudiandae.','',43.00,NULL,'2016-07-28 22:26:32','2016-07-28 22:26:32',NULL),(21,3,3,'mollitia','Consectetur ipsa repellat ut dolorem rem.','',41.00,NULL,'2016-07-28 22:26:32','2016-07-28 22:26:32',NULL),(22,3,3,'aliquid','Qui in ut aperiam fugiat est.','',42.00,NULL,'2016-07-28 22:26:32','2016-07-28 22:26:32',NULL),(23,3,3,'velit','Sequi sit nemo earum quos suscipit.','',11.00,NULL,'2016-07-28 22:26:32','2016-07-28 22:26:32',NULL),(24,3,3,'dolor','Cumque at nam officia similique impedit.','',37.00,NULL,'2016-07-28 22:26:32','2016-07-28 22:26:32',NULL),(25,3,3,'odio','Maiores expedita vel aut hic impedit repudiandae.','',25.00,NULL,'2016-07-28 22:26:32','2016-07-28 22:26:32',NULL),(26,3,3,'et','Error voluptatem adipisci et est.','',42.00,NULL,'2016-07-28 22:26:32','2016-07-28 22:26:32',NULL),(27,3,3,'quidem','Ab quas rerum omnis vel quibusdam iste omnis.','',31.00,NULL,'2016-07-28 22:26:32','2016-07-28 22:26:32',NULL),(28,3,3,'quo','Facilis modi neque molestiae delectus reprehenderit est hic ut.','',20.00,NULL,'2016-07-28 22:26:32','2016-07-28 22:26:32',NULL),(29,3,3,'odio','Vitae doloribus facilis quaerat rerum est.','',19.00,NULL,'2016-07-28 22:26:32','2016-07-28 22:26:32',NULL),(30,3,3,'numquam','Illo nulla sapiente quis hic in ipsa odit.','',41.00,NULL,'2016-07-28 22:26:32','2016-07-28 22:26:32',NULL),(31,4,3,'qui','Modi et voluptatem dolor vitae.','',27.00,NULL,'2016-07-28 22:26:32','2016-07-28 22:26:32',NULL),(32,4,3,'modi','Autem molestiae blanditiis beatae.','',46.00,NULL,'2016-07-28 22:26:32','2016-07-28 22:26:32',NULL),(33,4,3,'ab','Nemo placeat possimus cupiditate.','',50.00,NULL,'2016-07-28 22:26:32','2016-07-28 22:26:32',NULL),(34,4,3,'velit','Fugit et aspernatur reprehenderit commodi nihil.','',28.00,NULL,'2016-07-28 22:26:32','2016-07-28 22:26:32',NULL),(35,4,3,'suscipit','Voluptates fugiat voluptas beatae est quia quaerat laudantium.','',16.00,NULL,'2016-07-28 22:26:32','2016-07-28 22:26:32',NULL),(36,4,3,'corporis','Aliquid atque cumque eveniet natus.','',30.00,NULL,'2016-07-28 22:26:32','2016-07-28 22:26:32',NULL),(37,4,3,'tenetur','Sint quis sequi dolorum quidem veniam cumque nisi.','',14.00,NULL,'2016-07-28 22:26:32','2016-07-28 22:26:32',NULL),(38,4,3,'qui','Dolor soluta voluptas itaque ea.','',38.00,NULL,'2016-07-28 22:26:32','2016-07-28 22:26:32',NULL),(39,4,3,'adipisci','Et illum velit est.','',25.00,NULL,'2016-07-28 22:26:32','2016-07-28 22:26:32',NULL),(40,4,3,'voluptate','Facere optio eos earum quasi perferendis maiores omnis facilis.','',39.00,NULL,'2016-07-28 22:26:32','2016-07-28 22:26:32',NULL),(41,5,3,'nulla','Voluptas aut recusandae pariatur repellat.','B',21.00,NULL,'2016-07-28 22:26:32','2016-07-28 22:26:32',NULL),(42,5,3,'accusantium','Id non deserunt minima.','B',27.00,NULL,'2016-07-28 22:26:32','2016-07-28 22:26:32',NULL),(43,5,3,'praesentium','Laudantium sit eligendi neque sint non.','P',37.00,NULL,'2016-07-28 22:26:32','2016-07-28 22:26:32',NULL),(44,5,3,'qui','Aut est quibusdam quam blanditiis debitis omnis et est.','P',25.00,NULL,'2016-07-28 22:26:32','2016-07-28 22:26:32',NULL),(45,5,3,'commodi','Eaque molestias laborum sit quisquam cumque doloribus mollitia.','M',13.00,NULL,'2016-07-28 22:26:32','2016-07-28 22:26:32',NULL),(46,5,3,'esse','Modi tempora quam delectus dolorem ut quisquam.','M',10.00,NULL,'2016-07-28 22:26:32','2016-07-28 22:26:32',NULL),(47,5,3,'et','Delectus quod dolor deleniti exercitationem quia.','G',32.00,NULL,'2016-07-28 22:26:32','2016-07-28 22:26:32',NULL),(48,5,3,'est','Quod ut consectetur non architecto vel voluptatem odio illo.','',41.00,NULL,'2016-07-28 22:26:32','2016-07-31 20:14:51',NULL),(49,5,3,'accusamus','Commodi rerum maxime vero rerum aut maxime quo.','N',28.00,NULL,'2016-07-28 22:26:32','2016-07-28 22:26:32',NULL),(50,5,3,'optio','Possimus quisquam voluptatem officiis voluptatem.','',43.00,NULL,'2016-07-28 22:26:33','2016-07-28 22:26:33',NULL),(51,5,3,'teste componentes','Possimus quisquam voluptatem officiis voluptatem.','G',43.00,NULL,'2016-07-31 19:49:43','2016-07-31 19:49:43',1),(52,1,1,'aaaaa','aaaaa','N',123.00,NULL,'2016-08-01 04:32:46','2016-08-01 04:32:46',NULL),(53,1,1,'teste','teste','N',1111.00,NULL,'2016-08-01 04:33:57','2016-08-01 04:33:57',NULL),(54,1,1,'teste','aaaaa','N',123.00,NULL,'2016-08-02 06:56:43','2016-08-02 06:56:43',NULL),(55,1,1,'teste','aaaaa','N',123.00,NULL,'2016-08-02 07:03:16','2016-08-02 07:03:16',NULL),(56,1,2,'Americana','O sabor americano!','B',25.00,NULL,'2016-08-02 07:19:37','2016-08-04 20:36:01',1),(57,1,2,'Americana','O sabor americano!','P',28.00,NULL,'2016-08-04 20:36:14','2016-08-04 20:36:14',1),(58,1,2,'Americana','O sabor americano!','M',32.00,NULL,'2016-08-04 20:36:25','2016-08-04 20:36:25',1),(59,1,2,'Americana','O sabor americano!','G',35.00,NULL,'2016-08-04 20:36:36','2016-08-04 20:36:36',1),(60,1,2,'Atum','O sabor do peixe tipico!','G',40.00,NULL,'2016-08-04 20:39:39','2016-08-04 20:39:39',1),(61,1,2,'Atum','O sabor do peixe tipico!','M',38.00,NULL,'2016-08-04 20:39:49','2016-08-04 20:39:49',1),(62,1,2,'Atum','O sabor do peixe tipico!','P',35.00,NULL,'2016-08-04 20:39:58','2016-08-04 20:39:58',1),(63,1,2,'Bacon','O melhor sabor do Bacon!','G',35.00,NULL,'2016-08-04 20:40:53','2016-08-04 20:40:53',1),(64,1,2,'Bacon','O melhor sabor do Bacon!','M',33.00,NULL,'2016-08-04 20:41:51','2016-08-04 20:41:51',1),(65,1,2,'Bacon','O melhor sabor do Bacon!','P',30.00,NULL,'2016-08-04 20:41:58','2016-08-04 20:41:58',1),(66,1,2,'Bacon','O melhor sabor do Bacon!','B',25.00,NULL,'2016-08-04 20:42:01','2016-08-04 20:42:28',1),(67,1,2,'Frango com Bacon','O melhor sabor do do frango com mistura de Bacon!','B',27.00,NULL,'2016-08-04 20:43:59','2016-08-04 20:43:59',1),(68,1,2,'Frango com Bacon','O melhor sabor do do frango com mistura de Bacon!','P',30.00,NULL,'2016-08-04 20:44:08','2016-08-04 20:44:08',1),(69,1,2,'Frango com Bacon','O melhor sabor do do frango com mistura de Bacon!','M',35.00,NULL,'2016-08-04 20:44:16','2016-08-04 20:44:16',1),(70,1,2,'Frango com Bacon','O melhor sabor do do frango com mistura de Bacon!','G',40.00,NULL,'2016-08-04 20:44:26','2016-08-04 20:44:26',1),(71,1,2,'Chocolate','O sabor do chocolate!','B',25.00,NULL,'2016-08-04 20:46:19','2016-08-04 20:46:19',1),(72,1,2,'Chocolate','O sabor do chocolate!','P',28.00,NULL,'2016-08-04 20:46:31','2016-08-04 20:46:31',1),(73,1,2,'Chocolate','O sabor do chocolate!','M',30.00,NULL,'2016-08-04 20:46:38','2016-08-04 20:46:52',1),(74,1,2,'Chocolate','O sabor do chocolate!','G',33.00,NULL,'2016-08-04 20:46:47','2016-08-04 20:46:47',1),(75,5,2,'Chica Doida','Chica tá doida!','N',15.00,NULL,'2016-08-04 20:48:20','2016-08-04 20:48:20',NULL),(76,7,2,'Omelete de Frango','Omelete de frango!','N',15.00,NULL,'2016-08-04 20:49:04','2016-08-04 20:49:04',NULL),(77,7,2,'Omelete de Carne','Omelete de Carne!','N',15.00,NULL,'2016-08-04 20:49:20','2016-08-04 20:49:20',NULL),(78,7,2,'Lasanha','Lasanha da boa!','N',15.00,NULL,'2016-08-04 20:49:43','2016-08-04 20:49:43',NULL),(79,7,2,'Chapa / Alacarte','Chapa / Alacarte','N',20.00,NULL,'2016-08-04 20:50:10','2016-08-04 20:50:10',NULL),(80,6,2,'Coca-Cola Lata','Coca cola!','N',3.00,NULL,'2016-08-04 20:54:53','2016-08-04 20:54:53',NULL),(81,6,2,'Coca-Cola Litro','Coca cola!','N',8.00,NULL,'2016-08-04 20:55:04','2016-08-04 20:55:04',NULL),(82,6,2,'Sprite Litro','Coca cola!','N',8.00,NULL,'2016-08-04 20:55:14','2016-08-04 20:55:14',NULL),(83,6,2,'Sprite Lata','Coca cola!','N',3.00,NULL,'2016-08-04 20:55:23','2016-08-04 20:55:23',NULL),(84,6,2,'Skol Lata','Cerva da boa!','N',4.00,NULL,'2016-08-04 20:56:28','2016-08-04 20:56:28',NULL),(85,6,2,'Budweiser Lata','Cerva da boa!','N',4.00,NULL,'2016-08-04 20:57:01','2016-08-04 20:57:08',NULL),(86,6,2,'Budweiser Garrafa','Cerva da boa!','N',8.00,NULL,'2016-08-04 20:57:24','2016-08-04 20:57:24',NULL),(87,6,2,'Suco de Laranja','Da melhor laranja da região!','N',5.00,NULL,'2016-08-04 20:57:50','2016-08-04 20:57:50',NULL),(88,6,2,'Suco de Uva','Da melhor uva da região!','N',5.00,NULL,'2016-08-04 20:58:03','2016-08-04 20:58:03',NULL),(89,3,2,'Caldo de Frango','Bem quentinho!','N',3.00,NULL,'2016-08-04 21:00:45','2016-08-04 21:00:45',NULL),(90,3,2,'Caldo de Carne','Bem quentinho!','N',3.00,NULL,'2016-08-04 21:01:03','2016-08-04 21:01:03',NULL),(91,4,2,'X - Bacon','O melhor sabor do Bacon!','N',10.00,NULL,'2016-08-04 21:01:29','2016-08-04 21:02:07',1),(92,4,2,'X - Americano','O sabor americano!','N',10.00,NULL,'2016-08-04 21:01:59','2016-08-04 21:01:59',1),(93,4,2,'X - Tudo','O sabor americano!','N',15.00,NULL,'2016-08-04 21:02:23','2016-08-04 21:02:23',1);
/*!40000 ALTER TABLE `produtos` ENABLE KEYS */;
UNLOCK TABLES;

--
-- Table structure for table `usuarios`
--

DROP TABLE IF EXISTS `usuarios`;
/*!40101 SET @saved_cs_client     = @@character_set_client */;
/*!40101 SET character_set_client = utf8 */;
CREATE TABLE `usuarios` (
  `id` int(10) unsigned NOT NULL AUTO_INCREMENT,
  `empresa_id` int(10) unsigned NOT NULL,
  `nome` varchar(255) COLLATE utf8_unicode_ci NOT NULL,
  `email` varchar(255) COLLATE utf8_unicode_ci NOT NULL,
  `password` varchar(60) COLLATE utf8_unicode_ci NOT NULL,
  `tipo` varchar(255) COLLATE utf8_unicode_ci NOT NULL DEFAULT 'cliente',
  `remember_token` varchar(100) COLLATE utf8_unicode_ci DEFAULT NULL,
  `created_at` timestamp NOT NULL DEFAULT '0000-00-00 00:00:00',
  `updated_at` timestamp NOT NULL DEFAULT '0000-00-00 00:00:00',
  `device_token` varchar(255) COLLATE utf8_unicode_ci DEFAULT NULL,
  PRIMARY KEY (`id`),
  UNIQUE KEY `usuarios_email_unique` (`email`),
  KEY `usuarios_empresa_id_foreign` (`empresa_id`),
  CONSTRAINT `usuarios_empresa_id_foreign` FOREIGN KEY (`empresa_id`) REFERENCES `empresas` (`id`)
) ENGINE=InnoDB AUTO_INCREMENT=22 DEFAULT CHARSET=utf8 COLLATE=utf8_unicode_ci;
/*!40101 SET character_set_client = @saved_cs_client */;

--
-- Dumping data for table `usuarios`
--

LOCK TABLES `usuarios` WRITE;
/*!40000 ALTER TABLE `usuarios` DISABLE KEYS */;
INSERT INTO `usuarios` VALUES (1,1,'User','user@user.com','$2y$10$iUlPqXNO5JPhEx1xl22AA.9M/yhCEoAGGdgmlNcAuCqjRaw6IUJwK','cliente','DOjRgx4b4SehHF2N3UWhW7wVqBy2zeAtZygUZPQjn72DH3wrKwYre04hyr17','2016-07-28 22:26:28','2016-08-10 03:28:04',NULL),(2,2,'Admin','admin@admin.com','$2y$10$iUlPqXNO5JPhEx1xl22AA.9M/yhCEoAGGdgmlNcAuCqjRaw6IUJwK','admin','RksEcveMCCg0SYx6Huvfle9vq4RPcoyL1qvytde3RlBY3lZULfBiCIW9OaEd','2016-07-28 22:26:28','2016-08-11 02:19:40',NULL),(3,1,'Entregador','entregador@entregador.com','$2y$10$t.3jorAhmCkMGQRfBbAtceo3z0Q5GjnUASCziVh2WIjSS5KWkyOQS','entregador','BvRCmF2FOu','2016-07-28 22:26:29','2016-08-08 17:06:45','cHXwzrGx9iA:APA91bH5vQBApReXPZSsMd6VigyQ39zNanbQw0ZlSOgp9i09MDnq9MnULW9JikiOJhapvHyH4VBEuTtDbizchEaBDRt2Z278VqDpMQ-Oqf4NuDSyhsT5VYBAiskqIRS2KK_fLq0sIm-A'),(4,3,'Dr. Mel Fátima Montenegro Neto','barreto.ziraldo@example.com','$2y$10$VDEPpVCZtJLaBa4Sl8gR3euO2IF2UwfP.5m.T4RssSgeUu1uk1.lW','cliente','8AqlOFjz4W','2016-07-28 22:26:29','2016-07-28 22:26:29',NULL),(5,3,'Elias Tomás Brito Jr.','burgos.abril@example.com','$2y$10$QMCBnj11rGnaLEg6ktvyD.FToDY4Ay36v0Sq/2/TPvxyJRGUufkAe','cliente','8u0S0uMLVY','2016-07-28 22:26:29','2016-07-28 22:26:29',NULL),(6,2,'Pedro Bruno Ortega Jr.','estevao85@example.net','$2y$10$tl3hLWsOXSoXT75B5VzV.eoY/4srZf7BneX.Ov4uNt.o6F.Sei.U6','cliente','eFdFGbo1H0','2016-07-28 22:26:29','2016-07-28 22:26:29',NULL),(7,2,'Dr. Miranda Perez Pedrosa','abril.balestero@example.org','$2y$10$oiCDc4eDplnQA6mYEHUjluPvO/1zk4GKuTWvNeKLCk1uLBC7NiZLa','cliente','uxoZ59mdbX','2016-07-28 22:26:30','2016-07-28 22:26:30',NULL),(8,3,'Dr. Bianca Camila Aranda','ariadna54@example.com','$2y$10$zE0yVtaesTrgc4Jm2eAwMOZrnB6TRR6xu6UXM/.TH9SvkKfKRzvLO','cliente','RlTBPNv72k','2016-07-28 22:26:30','2016-07-28 22:26:30',NULL),(9,3,'Natália Ferreira Filho','isaac.faria@example.net','$2y$10$oPjdU1VDDRzBfjB512DoSujg/iOj0GZJmkXlSeAmiuo18u8ZckVmq','cliente','l0FfeLPqFW','2016-07-28 22:26:30','2016-07-28 22:26:30',NULL),(10,1,'Dr. Josefina de Oliveira Serrano','thiago38@example.org','$2y$10$nsImlkDgaTi4xu.Cuc3cGeJc3Ec2teDp.qu4mYn3r4n.lHg.QWhdm','cliente','FCA5nRamgc','2016-07-28 22:26:30','2016-07-28 22:26:30',NULL),(11,2,'Dr. Isaac das Neves Sobrinho','mmarinho@example.org','$2y$10$U.0.vKRyTgxbAYBd4JQ7ruN.wgkwwGQHfHW5xWqAsGa/iHjlT6mli','cliente','pDModSsSMT','2016-07-28 22:26:30','2016-07-28 22:26:30',NULL),(12,1,'Jerônimo Rangel Neto','pbonilha@example.net','$2y$10$zCiWKdTSB2hxOIwVtovbhOOHUIt7FGLx4tKX/9fEl45XdKYGJwLiK','cliente','c5V1LyscOB','2016-07-28 22:26:30','2016-07-28 22:26:30',NULL),(13,1,'Everton Tamoio Jr.','maximo.furtado@example.net','$2y$10$F2VSczZksHXg.u.0OZoki.6/wdA4RROvwT.ipV39RNiItE0wxibdO','entregador','giP7pz8owe','2016-07-28 22:26:30','2016-07-28 22:26:30',NULL),(14,2,'Sra. Manuela Cordeiro','gsantana@example.net','$2y$10$F2VSczZksHXg.u.0OZoki.6/wdA4RROvwT.ipV39RNiItE0wxibdO','entregador','ZYBVSaM7B4','2016-07-28 22:26:30','2016-07-28 22:26:30',NULL),(15,2,'Sr. Jerônimo Benjamin Queirós Filho','sales.ziraldo@example.net','123456','entregador','Pzn2DFCDJ2','2016-07-28 22:26:30','2016-08-06 01:14:07',NULL),(17,1,'teste','teste@teste123.com','$2y$10$K2t9GLxfZCqZVt0ExN9QaOaQC6syVLMOS65M88NpzjLAjgRkvp1KG','cliente',NULL,'2016-08-04 08:13:13','2016-08-04 08:13:13',NULL),(21,1,'Júlio César Almeida Nery','julio_cesar.an@hotmail.com','$2y$10$qW7lEdGQP.e4hjBTshuY9uwVYyre9bw5MGSfnAtUEjGQpRrO9xWaC','desenvolvedor','G2e1urlcqVeuYlLaCW2K6d3Zh764iUGcvi0dLP8OB1oNN66pRQJk3oGcU4zG','2016-08-04 09:05:51','2016-08-08 01:15:10','cHXwzrGx9iA:APA91bH5vQBApReXPZSsMd6VigyQ39zNanbQw0ZlSOgp9i09MDnq9MnULW9JikiOJhapvHyH4VBEuTtDbizchEaBDRt2Z278VqDpMQ-Oqf4NuDSyhsT5VYBAiskqIRS2KK_fLq0sIm-A');
/*!40000 ALTER TABLE `usuarios` ENABLE KEYS */;
UNLOCK TABLES;
/*!40103 SET TIME_ZONE=@OLD_TIME_ZONE */;

/*!40101 SET SQL_MODE=@OLD_SQL_MODE */;
/*!40014 SET FOREIGN_KEY_CHECKS=@OLD_FOREIGN_KEY_CHECKS */;
/*!40014 SET UNIQUE_CHECKS=@OLD_UNIQUE_CHECKS */;
/*!40101 SET CHARACTER_SET_CLIENT=@OLD_CHARACTER_SET_CLIENT */;
/*!40101 SET CHARACTER_SET_RESULTS=@OLD_CHARACTER_SET_RESULTS */;
/*!40101 SET COLLATION_CONNECTION=@OLD_COLLATION_CONNECTION */;
/*!40111 SET SQL_NOTES=@OLD_SQL_NOTES */;

-- Dump completed on 2016-08-12  0:20:06
